"Name","Created","model","fold","test_score","multimodal_state","Commit","runtime"
"toy_capitalized_count_MUL_IMAGE_SOCIAL_PETFINDER_ADOPTION_4_ft","2026-03-06T03:36:42.000Z","LightGBM 💡","4","0.930220118216588","ft","9a06b59236d5ba71c8e2ed71b0d61f449b6c286b","2968.671099424362"
"toy_contains_token_MUL_IMAGE_SOCIAL_PETFINDER_ADOPTION_4_ft","2026-03-06T03:26:37.000Z","LightGBM 💡","4","0.9996943215737044","ft","9a06b59236d5ba71c8e2ed71b0d61f449b6c286b","3480.79954457283"
"toy_first_letter_MUL_IMAGE_SOCIAL_PETFINDER_ADOPTION_4_ft","2026-03-06T03:17:18.000Z","LightGBM 💡","4","0.9834342408046216","ft","9a06b59236d5ba71c8e2ed71b0d61f449b6c286b","6002.610589027405"
"toy_mass_ratio_MUL_IMAGE_SOCIAL_PETFINDER_ADOPTION_4_ft","2026-03-06T02:31:17.000Z","LightGBM 💡","4","0.9874458584006144","ft","9a06b59236d5ba71c8e2ed71b0d61f449b6c286b","3257.5076937675476"
"toy_complexity_MUL_IMAGE_SOCIAL_PETFINDER_ADOPTION_4_ft","2026-03-06T02:28:57.000Z","LightGBM 💡","4","0.8885596284451204","ft","9a06b59236d5ba71c8e2ed71b0d61f449b6c286b","4005.782319784165"
"toy_quadrant_MUL_IMAGE_SOCIAL_PETFINDER_ADOPTION_4_ft","2026-03-06T02:28:43.000Z","LightGBM 💡","4","0.9182186497816798","ft","9a06b59236d5ba71c8e2ed71b0d61f449b6c286b","4404.609725952148"
"toy_capitalized_count_MUL_IMAGE_SOCIAL_PETFINDER_ADOPTION_4_all","2026-03-06T02:24:14.000Z","LightGBM 💡","4","0.8905006438104408","all","9a06b59236d5ba71c8e2ed71b0d61f449b6c286b","410.2134203910827"
"toy_contains_token_MUL_IMAGE_SOCIAL_PETFINDER_ADOPTION_4_all","2026-03-06T02:17:36.000Z","LightGBM 💡","4","0.8909806883158917","all","9a06b59236d5ba71c8e2ed71b0d61f449b6c286b","664.7075619697571"
"toy_first_letter_MUL_IMAGE_SOCIAL_PETFINDER_ADOPTION_4_all","2026-03-06T02:17:18.000Z","LightGBM 💡","4","0.7292234487902206","all","9a06b59236d5ba71c8e2ed71b0d61f449b6c286b","665.762699842453"
"toy_mass_ratio_MUL_IMAGE_SOCIAL_PETFINDER_ADOPTION_4_all","2026-03-06T02:05:30.000Z","LightGBM 💡","4","0.7243120941709719","all","9a06b59236d5ba71c8e2ed71b0d61f449b6c286b","662.8218200206757"
"toy_complexity_MUL_IMAGE_SOCIAL_PETFINDER_ADOPTION_4_all","2026-03-06T02:05:22.000Z","LightGBM 💡","4","0.7760028776120292","all","9a06b59236d5ba71c8e2ed71b0d61f449b6c286b","662.4332363605499"
"toy_quadrant_MUL_IMAGE_SOCIAL_PETFINDER_ADOPTION_4_all","2026-03-06T01:53:20.000Z","LightGBM 💡","4","0.5631466812115216","all","9a06b59236d5ba71c8e2ed71b0d61f449b6c286b","684.3773391246796"
"toy_capitalized_count_MUL_IMAGE_SOCIAL_PETFINDER_ADOPTION_3_ft","2026-03-06T01:46:09.000Z","LightGBM 💡","3","0.9356170455023058","ft","9a06b59236d5ba71c8e2ed71b0d61f449b6c286b","6741.509191036224"
"toy_contains_token_MUL_IMAGE_SOCIAL_PETFINDER_ADOPTION_3_ft","2026-03-06T01:39:06.000Z","LightGBM 💡","3","0.9733160714927896","ft","9a06b59236d5ba71c8e2ed71b0d61f449b6c286b","5872.585328817368"
"toy_first_letter_MUL_IMAGE_SOCIAL_PETFINDER_ADOPTION_3_ft","2026-03-06T01:08:13.000Z","LightGBM 💡","3","0.976883432826444","ft","9a06b59236d5ba71c8e2ed71b0d61f449b6c286b","4540.734736919403"
"toy_mass_ratio_MUL_IMAGE_SOCIAL_PETFINDER_ADOPTION_3_ft","2026-03-06T00:33:08.000Z","LightGBM 💡","3","0.9919971074780638","ft","9a06b59236d5ba71c8e2ed71b0d61f449b6c286b","5483.086334943771"
"toy_complexity_MUL_IMAGE_SOCIAL_PETFINDER_ADOPTION_3_ft","2026-03-06T00:24:37.000Z","LightGBM 💡","3","0.8862094543719574","ft","9a06b59236d5ba71c8e2ed71b0d61f449b6c286b","2559.1767206192017"
"toy_quadrant_MUL_IMAGE_SOCIAL_PETFINDER_ADOPTION_3_ft","2026-03-06T00:22:06.000Z","LightGBM 💡","3","0.9236490848368268","ft","9a06b59236d5ba71c8e2ed71b0d61f449b6c286b","5008.473698616028"
"toy_capitalized_count_MUL_IMAGE_SOCIAL_PETFINDER_ADOPTION_3_all","2026-03-06T00:21:04.000Z","LightGBM 💡","3","0.9079675840487844","all","9a06b59236d5ba71c8e2ed71b0d61f449b6c286b","708.2239046096802"
"toy_contains_token_MUL_IMAGE_SOCIAL_PETFINDER_ADOPTION_3_all","2026-03-06T00:17:27.000Z","LightGBM 💡","3","0.8275614054015176","all","9a06b59236d5ba71c8e2ed71b0d61f449b6c286b","415.8752863407135"
"toy_first_letter_MUL_IMAGE_SOCIAL_PETFINDER_ADOPTION_3_all","2026-03-06T00:10:16.000Z","LightGBM 💡","3","0.7247291849008916","all","9a06b59236d5ba71c8e2ed71b0d61f449b6c286b","417.7592527866363"
"toy_mass_ratio_MUL_IMAGE_SOCIAL_PETFINDER_ADOPTION_3_all","2026-03-06T00:08:15.000Z","LightGBM 💡","3","0.7163297027710062","all","9a06b59236d5ba71c8e2ed71b0d61f449b6c286b","707.8602640628815"
"toy_complexity_MUL_IMAGE_SOCIAL_PETFINDER_ADOPTION_3_all","2026-03-06T00:07:56.000Z","LightGBM 💡","3","0.7851501054875912","all","9a06b59236d5ba71c8e2ed71b0d61f449b6c286b","795.8452732563019"
"toy_quadrant_MUL_IMAGE_SOCIAL_PETFINDER_ADOPTION_3_all","2026-03-05T23:55:49.000Z","LightGBM 💡","3","0.5319401784199554","all","9a06b59236d5ba71c8e2ed71b0d61f449b6c286b","708.3912680149078"
"toy_capitalized_count_MUL_IMAGE_SOCIAL_PETFINDER_ADOPTION_2_ft","2026-03-05T23:49:31.000Z","LightGBM 💡","2","0.9397110685724984","ft","9a06b59236d5ba71c8e2ed71b0d61f449b6c286b","6558.037504434586"
"toy_contains_token_MUL_IMAGE_SOCIAL_PETFINDER_ADOPTION_2_ft","2026-03-05T23:27:38.000Z","LightGBM 💡","2","0.9947495235012768","ft","9a06b59236d5ba71c8e2ed71b0d61f449b6c286b","2542.170730829239"
"toy_first_letter_MUL_IMAGE_SOCIAL_PETFINDER_ADOPTION_2_ft","2026-03-05T22:54:06.000Z","LightGBM 💡","2","0.9864346058319664","ft","9a06b59236d5ba71c8e2ed71b0d61f449b6c286b","10736.957733392715"
"toy_mass_ratio_MUL_IMAGE_SOCIAL_PETFINDER_ADOPTION_2_ft","2026-03-05T22:50:54.000Z","LightGBM 💡","2","0.98798447878693","ft","9a06b59236d5ba71c8e2ed71b0d61f449b6c286b","4557.164259672165"
"toy_complexity_MUL_IMAGE_SOCIAL_PETFINDER_ADOPTION_2_ft","2026-03-05T22:48:03.000Z","LightGBM 💡","2","0.8725314785409164","ft","9a06b59236d5ba71c8e2ed71b0d61f449b6c286b","4010.5860683918"
"toy_quadrant_MUL_IMAGE_SOCIAL_PETFINDER_ADOPTION_2_ft","2026-03-05T22:44:22.000Z","LightGBM 💡","2","0.9171661539717348","ft","9a06b59236d5ba71c8e2ed71b0d61f449b6c286b","2556.808052301407"
"toy_first_letter_MUL_IMAGE_SOCIAL_PETFINDER_ADOPTION_1_all","2026-03-05T22:37:23.000Z","LightGBM 💡","1","0.7161387503805903","all","9a06b59236d5ba71c8e2ed71b0d61f449b6c286b","795.6414868831635"
"toy_mass_ratio_MUL_IMAGE_SOCIAL_PETFINDER_ADOPTION_1_all","2026-03-05T22:35:14.000Z","LightGBM 💡","1","0.7320689732292621","all","9a06b59236d5ba71c8e2ed71b0d61f449b6c286b","707.2750999927521"
"toy_complexity_MUL_IMAGE_SOCIAL_PETFINDER_ADOPTION_1_all","2026-03-05T22:23:15.000Z","LightGBM 💡","1","0.7538672570989793","all","9a06b59236d5ba71c8e2ed71b0d61f449b6c286b","795.0709855556488"
"toy_quadrant_MUL_IMAGE_SOCIAL_PETFINDER_ADOPTION_1_all","2026-03-05T22:22:44.000Z","LightGBM 💡","1","0.5498685190371382","all","9a06b59236d5ba71c8e2ed71b0d61f449b6c286b","713.2700197696686"
"toy_capitalized_count_MUL_IMAGE_SOCIAL_PETFINDER_ADOPTION_0_ft","2026-03-05T21:48:43.000Z","LightGBM 💡","0","0.9509710648280816","ft","9a06b59236d5ba71c8e2ed71b0d61f449b6c286b","3320.305673599243"
"toy_contains_token_MUL_IMAGE_SOCIAL_PETFINDER_ADOPTION_0_ft","2026-03-05T21:12:52.000Z","LightGBM 💡","0","0.9999280756644012","ft","9a06b59236d5ba71c8e2ed71b0d61f449b6c286b","6055.414158582687"
"toy_first_letter_MUL_IMAGE_SOCIAL_PETFINDER_ADOPTION_0_ft","2026-03-05T21:11:20.000Z","LightGBM 💡","0","0.9808211840562088","ft","9a06b59236d5ba71c8e2ed71b0d61f449b6c286b","9468.837416648865"
"toy_mass_ratio_MUL_IMAGE_SOCIAL_PETFINDER_ADOPTION_0_ft","2026-03-05T21:05:58.000Z","LightGBM 💡","0","0.989035627222508","ft","9a06b59236d5ba71c8e2ed71b0d61f449b6c286b","4542.312041759491"
"toy_complexity_MUL_IMAGE_SOCIAL_PETFINDER_ADOPTION_0_ft","2026-03-05T21:04:47.000Z","LightGBM 💡","0","0.8767640283586429","ft","9a06b59236d5ba71c8e2ed71b0d61f449b6c286b","2570.847424507141"
"toy_quadrant_MUL_IMAGE_SOCIAL_PETFINDER_ADOPTION_0_ft","2026-03-05T21:00:34.000Z","LightGBM 💡","0","0.9231466689578168","ft","9a06b59236d5ba71c8e2ed71b0d61f449b6c286b","4919.5525488853455"
"toy_capitalized_count_MUL_IMAGE_SOCIAL_PETFINDER_ADOPTION_0_all","2026-03-05T20:59:37.000Z","LightGBM 💡","0","0.9193039969739","all","9a06b59236d5ba71c8e2ed71b0d61f449b6c286b","683.5425803661346"
"toy_contains_token_MUL_IMAGE_SOCIAL_PETFINDER_ADOPTION_0_all","2026-03-05T20:57:28.000Z","LightGBM 💡","0","0.8363541554284892","all","9a06b59236d5ba71c8e2ed71b0d61f449b6c286b","419.81779742240906"
"toy_mass_ratio_MUL_IMAGE_SOCIAL_PETFINDER_ADOPTION_0_all","2026-03-05T20:53:06.000Z","LightGBM 💡","0","0.721678631866944","all","9a06b59236d5ba71c8e2ed71b0d61f449b6c286b","708.1583504676819"
"toy_complexity_MUL_IMAGE_SOCIAL_PETFINDER_ADOPTION_0_all","2026-03-05T20:47:20.000Z","LightGBM 💡","0","0.747897703128844","all","9a06b59236d5ba71c8e2ed71b0d61f449b6c286b","736.0641705989838"
"toy_quadrant_MUL_IMAGE_SOCIAL_PETFINDER_ADOPTION_0_all","2026-03-05T20:46:53.000Z","LightGBM 💡","0","0.5440901569398544","all","9a06b59236d5ba71c8e2ed71b0d61f449b6c286b","728.2512333393097"
"toy_capitalized_count_MUL_IMAGE_SOCIAL_PETFINDER_ADOPTION_2_all","2026-03-05T20:40:54.000Z","LightGBM 💡","2","0.908697363242818","all","9a06b59236d5ba71c8e2ed71b0d61f449b6c286b","713.7094759941101"
"toy_contains_token_MUL_IMAGE_SOCIAL_PETFINDER_ADOPTION_2_all","2026-03-05T20:34:53.000Z","LightGBM 💡","2","0.8196856906534326","all","9a06b59236d5ba71c8e2ed71b0d61f449b6c286b","726.7750954627991"
"toy_first_letter_MUL_IMAGE_SOCIAL_PETFINDER_ADOPTION_2_all","2026-03-05T20:34:24.000Z","LightGBM 💡","2","0.724087160389282","all","9a06b59236d5ba71c8e2ed71b0d61f449b6c286b","727.8328242301941"
"toy_mass_ratio_MUL_IMAGE_SOCIAL_PETFINDER_ADOPTION_2_all","2026-03-05T20:27:58.000Z","LightGBM 💡","2","0.702217475901863","all","9a06b59236d5ba71c8e2ed71b0d61f449b6c286b","712.1762392520905"
"toy_complexity_MUL_IMAGE_SOCIAL_PETFINDER_ADOPTION_2_all","2026-03-05T20:20:43.000Z","LightGBM 💡","2","0.7618925144812471","all","9a06b59236d5ba71c8e2ed71b0d61f449b6c286b","767.4779551029205"
"toy_quadrant_MUL_IMAGE_SOCIAL_PETFINDER_ADOPTION_2_all","2026-03-05T20:15:24.000Z","LightGBM 💡","2","0.565052340180542","all","9a06b59236d5ba71c8e2ed71b0d61f449b6c286b","714.1012616157532"
"toy_capitalized_count_MUL_IMAGE_SOCIAL_PETFINDER_ADOPTION_1_ft","2026-03-05T20:03:05.000Z","LightGBM 💡","1","0.941096120707771","ft","9a06b59236d5ba71c8e2ed71b0d61f449b6c286b","3239.6145417690277"
"toy_contains_token_MUL_IMAGE_SOCIAL_PETFINDER_ADOPTION_1_ft","2026-03-05T19:06:09.000Z","LightGBM 💡","1","0.9754378393929588","ft","9a06b59236d5ba71c8e2ed71b0d61f449b6c286b","3385.3186218738556"
"toy_first_letter_MUL_IMAGE_SOCIAL_PETFINDER_ADOPTION_1_ft","2026-03-05T19:02:46.000Z","LightGBM 💡","1","0.9804557946278164","ft","9a06b59236d5ba71c8e2ed71b0d61f449b6c286b","7779.771015405655"
"toy_mass_ratio_MUL_IMAGE_SOCIAL_PETFINDER_ADOPTION_1_ft","2026-03-05T18:58:53.000Z","LightGBM 💡","1","0.9900998218266126","ft","9a06b59236d5ba71c8e2ed71b0d61f449b6c286b","4525.164068222046"
"toy_quadrant_MUL_IMAGE_SOCIAL_PETFINDER_ADOPTION_1_ft","2026-03-05T18:58:49.000Z","LightGBM 💡","1","0.9241260269120212","ft","9a06b59236d5ba71c8e2ed71b0d61f449b6c286b","4874.982651472092"
"toy_complexity_MUL_IMAGE_SOCIAL_PETFINDER_ADOPTION_1_ft","2026-03-05T18:58:49.000Z","LightGBM 💡","1","0.872309693675963","ft","9a06b59236d5ba71c8e2ed71b0d61f449b6c286b","5702.543534994125"
"toy_capitalized_count_MUL_IMAGE_SOCIAL_PETFINDER_ADOPTION_1_all","2026-03-05T18:58:47.000Z","LightGBM 💡","1","0.9117654925245392","all","9a06b59236d5ba71c8e2ed71b0d61f449b6c286b","416.5449833869934"
"toy_contains_token_MUL_IMAGE_SOCIAL_PETFINDER_ADOPTION_1_all","2026-03-05T18:54:33.000Z","LightGBM 💡","1","0.8366238716869853","all","9a06b59236d5ba71c8e2ed71b0d61f449b6c286b","470.56446528434753"
"toy_first_letter_MUL_IMAGE_SOCIAL_PETFINDER_ADOPTION_0_all","2026-03-05T18:45:30.000Z","LightGBM 💡","0","0.7076636266475169","all","9a06b59236d5ba71c8e2ed71b0d61f449b6c286b","519.7184317111969"