"Name","test_score","fold","multimodal_state","model","Created","dataset","Runtime","State","Hostname"
"light_MUL_IMAGE_HUBMAP_HPA_0","0.952545769452502","0","ft","LightGBM 💡","2026-04-02T08:29:36.000Z","MUL_IMAGE_HUBMAP_HPA","852","finished","nlp20.iem.technion.ac.il"
"light_MUL_IMAGE_HUBMAP_HPA_0","0.9481772393611272","0","all","LightGBM 💡","2026-04-02T08:29:07.000Z","MUL_IMAGE_HUBMAP_HPA","490","finished","nlp18.iem.technion.ac.il"
"tabpfnv2_MUL_IMAGE_HUBMAP_HPA_4","0.9735508326404082","4","ft","TabPFN-v2 🤯","2026-04-01T22:40:46.000Z","MUL_IMAGE_HUBMAP_HPA","597","finished","nlp-srv2.iem.technion.ac.il"
"tabpfnv2_MUL_IMAGE_HUBMAP_HPA_4","0.957340170387744","4","all","TabPFN-v2 🤯","2026-04-01T22:34:33.000Z","MUL_IMAGE_HUBMAP_HPA","305","finished","nlp-srv2.iem.technion.ac.il"
"tabpfnv2p5_MUL_IMAGE_HUBMAP_HPA_4","0.9756083848286348","4","ft","TabPFN-v2p5 🇩🇪","2026-04-01T22:29:55.000Z","MUL_IMAGE_HUBMAP_HPA","641","finished","nlp-srv2.iem.technion.ac.il"
"tabpfnv2p5_MUL_IMAGE_HUBMAP_HPA_4","0.9697961937988872","4","all","TabPFN-v2p5 🇩🇪","2026-04-01T22:24:38.000Z","MUL_IMAGE_HUBMAP_HPA","296","finished","nlp-srv2.iem.technion.ac.il"
"tabm_MUL_IMAGE_HUBMAP_HPA_4","0.9707856042401228","4","ft","TabM Ⓜ️","2026-04-01T22:19:31.000Z","MUL_IMAGE_HUBMAP_HPA","562","finished","nlp-srv2.iem.technion.ac.il"
"tabm_MUL_IMAGE_HUBMAP_HPA_4","0.970003237209246","4","all","TabM Ⓜ️","2026-04-01T22:14:40.000Z","MUL_IMAGE_HUBMAP_HPA","281","finished","nlp-srv2.iem.technion.ac.il"
"cat_MUL_IMAGE_HUBMAP_HPA_4","0.9647189699237542","4","ft","CatBoost 😸","2026-04-01T22:10:05.000Z","MUL_IMAGE_HUBMAP_HPA","561","finished","nlp-srv2.iem.technion.ac.il"
"cat_MUL_IMAGE_HUBMAP_HPA_4","0.9560576483486294","4","all","CatBoost 😸","2026-04-01T22:04:40.000Z","MUL_IMAGE_HUBMAP_HPA","318","finished","nlp-srv2.iem.technion.ac.il"
"light_MUL_IMAGE_HUBMAP_HPA_4","0.9566403653668658","4","ft","LightGBM 💡","2026-04-01T22:00:00.000Z","MUL_IMAGE_HUBMAP_HPA","534","finished","nlp-srv2.iem.technion.ac.il"
"light_MUL_IMAGE_HUBMAP_HPA_4","0.9446730193417184","4","all","LightGBM 💡","2026-04-01T21:55:33.000Z","MUL_IMAGE_HUBMAP_HPA","259","finished","nlp-srv2.iem.technion.ac.il"
"tabpfnv2_MUL_IMAGE_HUBMAP_HPA_3","0.9729014257308416","3","ft","TabPFN-v2 🤯","2026-04-01T21:50:12.000Z","MUL_IMAGE_HUBMAP_HPA","582","finished","nlp-srv2.iem.technion.ac.il"
"tabpfnv2_MUL_IMAGE_HUBMAP_HPA_3","0.9527980537430772","3","all","TabPFN-v2 🤯","2026-04-01T21:45:28.000Z","MUL_IMAGE_HUBMAP_HPA","277","finished","nlp-srv2.iem.technion.ac.il"
"tabpfnv2p5_MUL_IMAGE_HUBMAP_HPA_3","0.9769201558688796","3","ft","TabPFN-v2p5 🇩🇪","2026-04-01T21:40:32.000Z","MUL_IMAGE_HUBMAP_HPA","563","finished","nlp-srv2.iem.technion.ac.il"
"tabpfnv2p5_MUL_IMAGE_HUBMAP_HPA_3","0.9653449692796584","3","all","TabPFN-v2p5 🇩🇪","2026-04-01T21:35:53.000Z","MUL_IMAGE_HUBMAP_HPA","267","finished","nlp-srv2.iem.technion.ac.il"
"tabm_MUL_IMAGE_HUBMAP_HPA_3","0.9708144663690964","3","ft","TabM Ⓜ️","2026-04-01T21:31:08.000Z","MUL_IMAGE_HUBMAP_HPA","541","finished","nlp-srv2.iem.technion.ac.il"
"tabm_MUL_IMAGE_HUBMAP_HPA_3","0.9661598089800552","3","all","TabM Ⓜ️","2026-04-01T21:26:29.000Z","MUL_IMAGE_HUBMAP_HPA","260","finished","nlp-srv2.iem.technion.ac.il"
"cat_MUL_IMAGE_HUBMAP_HPA_3","0.965684115218439","3","ft","CatBoost 😸","2026-04-01T21:21:49.000Z","MUL_IMAGE_HUBMAP_HPA","555","finished","nlp-srv2.iem.technion.ac.il"
"cat_MUL_IMAGE_HUBMAP_HPA_3","0.9515390458839612","3","all","CatBoost 😸","2026-04-01T21:16:43.000Z","MUL_IMAGE_HUBMAP_HPA","285","finished","nlp-srv2.iem.technion.ac.il"
"light_MUL_IMAGE_HUBMAP_HPA_3","0.9571929733907736","3","ft","LightGBM 💡","2026-04-01T21:12:17.000Z","MUL_IMAGE_HUBMAP_HPA","539","finished","nlp-srv2.iem.technion.ac.il"
"light_MUL_IMAGE_HUBMAP_HPA_3","0.9385083201442012","3","all","LightGBM 💡","2026-04-01T21:07:53.000Z","MUL_IMAGE_HUBMAP_HPA","251","finished","nlp-srv2.iem.technion.ac.il"
"tabpfnv2_MUL_IMAGE_HUBMAP_HPA_2","0.9761999720456072","2","ft","TabPFN-v2 🤯","2026-04-01T21:02:48.000Z","MUL_IMAGE_HUBMAP_HPA","565","finished","nlp-srv2.iem.technion.ac.il"
"tabpfnv2_MUL_IMAGE_HUBMAP_HPA_2","0.9584938263501348","2","all","TabPFN-v2 🤯","2026-04-01T20:57:54.000Z","MUL_IMAGE_HUBMAP_HPA","270","finished","nlp-srv2.iem.technion.ac.il"
"tabpfnv2p5_MUL_IMAGE_HUBMAP_HPA_2","0.97928949272217","2","ft","TabPFN-v2p5 🇩🇪","2026-04-01T20:53:16.000Z","MUL_IMAGE_HUBMAP_HPA","568","finished","nlp-srv2.iem.technion.ac.il"
"tabpfnv2p5_MUL_IMAGE_HUBMAP_HPA_2","0.970647474337899","2","all","TabPFN-v2p5 🇩🇪","2026-04-01T20:50:16.000Z","MUL_IMAGE_HUBMAP_HPA","268","finished","nlp-srv2.iem.technion.ac.il"
"tabm_MUL_IMAGE_HUBMAP_HPA_2","0.9719128898233708","2","ft","TabM Ⓜ️","2026-04-01T20:42:45.000Z","MUL_IMAGE_HUBMAP_HPA","515","finished","nlp-srv2.iem.technion.ac.il"
"tabm_MUL_IMAGE_HUBMAP_HPA_2","0.9709315615421276","2","all","TabM Ⓜ️","2026-04-01T20:36:40.000Z","MUL_IMAGE_HUBMAP_HPA","258","finished","nlp-srv2.iem.technion.ac.il"
"cat_MUL_IMAGE_HUBMAP_HPA_2","0.9655020796712253","2","ft","CatBoost 😸","2026-04-01T20:24:30.000Z","MUL_IMAGE_HUBMAP_HPA","529","finished","nlp-srv2.iem.technion.ac.il"
"cat_MUL_IMAGE_HUBMAP_HPA_2","0.9569640726236676","2","all","CatBoost 😸","2026-04-01T20:17:20.000Z","MUL_IMAGE_HUBMAP_HPA","285","finished","nlp-srv2.iem.technion.ac.il"
"light_MUL_IMAGE_HUBMAP_HPA_2","0.9602661625682448","2","ft","LightGBM 💡","2026-04-01T20:05:56.000Z","MUL_IMAGE_HUBMAP_HPA","501","finished","nlp-srv2.iem.technion.ac.il"
"light_MUL_IMAGE_HUBMAP_HPA_2","0.9482069426176674","2","all","LightGBM 💡","2026-04-01T20:00:02.000Z","MUL_IMAGE_HUBMAP_HPA","250","finished","nlp-srv2.iem.technion.ac.il"
"tabpfnv2_MUL_IMAGE_HUBMAP_HPA_1","0.9765059444618568","1","ft","TabPFN-v2 🤯","2026-04-01T19:47:17.000Z","MUL_IMAGE_HUBMAP_HPA","564","finished","nlp-srv2.iem.technion.ac.il"
"tabpfnv2_MUL_IMAGE_HUBMAP_HPA_1","0.9584687611984504","1","all","TabPFN-v2 🤯","2026-04-01T19:40:31.000Z","MUL_IMAGE_HUBMAP_HPA","272","finished","nlp-srv2.iem.technion.ac.il"
"tabpfnv2p5_MUL_IMAGE_HUBMAP_HPA_1","0.979418831251312","1","ft","TabPFN-v2p5 🇩🇪","2026-04-01T19:27:58.000Z","MUL_IMAGE_HUBMAP_HPA","561","finished","nlp-srv2.iem.technion.ac.il"
"tabpfnv2p5_MUL_IMAGE_HUBMAP_HPA_1","0.968707893921552","1","all","TabPFN-v2p5 🇩🇪","2026-04-01T19:21:31.000Z","MUL_IMAGE_HUBMAP_HPA","268","finished","nlp-srv2.iem.technion.ac.il"
"tabm_MUL_IMAGE_HUBMAP_HPA_1","0.9715872454272206","1","ft","TabM Ⓜ️","2026-04-01T19:09:21.000Z","MUL_IMAGE_HUBMAP_HPA","527","finished","nlp-srv2.iem.technion.ac.il"
"tabm_MUL_IMAGE_HUBMAP_HPA_1","0.964367939984137","1","all","TabM Ⓜ️","2026-04-01T19:03:21.000Z","MUL_IMAGE_HUBMAP_HPA","254","finished","nlp-srv2.iem.technion.ac.il"
"cat_MUL_IMAGE_HUBMAP_HPA_1","0.9657474348689464","1","ft","CatBoost 😸","2026-04-01T18:50:47.000Z","MUL_IMAGE_HUBMAP_HPA","539","finished","nlp-srv2.iem.technion.ac.il"
"cat_MUL_IMAGE_HUBMAP_HPA_1","0.95533043499008","1","all","CatBoost 😸","2026-04-01T18:43:48.000Z","MUL_IMAGE_HUBMAP_HPA","296","finished","nlp-srv2.iem.technion.ac.il"
"light_MUL_IMAGE_HUBMAP_HPA_1","0.9564072735789362","1","ft","LightGBM 💡","2026-04-01T18:31:47.000Z","MUL_IMAGE_HUBMAP_HPA","521","finished","nlp-srv2.iem.technion.ac.il"
"light_MUL_IMAGE_HUBMAP_HPA_1","0.9442033275219832","1","all","LightGBM 💡","2026-04-01T18:25:48.000Z","MUL_IMAGE_HUBMAP_HPA","250","finished","nlp-srv2.iem.technion.ac.il"
"tabpfnv2_MUL_IMAGE_HUBMAP_HPA_0","0.9734989017924376","0","ft","TabPFN-v2 🤯","2026-04-01T18:13:08.000Z","MUL_IMAGE_HUBMAP_HPA","564","finished","nlp-srv2.iem.technion.ac.il"
"tabpfnv2_MUL_IMAGE_HUBMAP_HPA_0","0.9595366376290996","0","all","TabPFN-v2 🤯","2026-04-01T18:06:26.000Z","MUL_IMAGE_HUBMAP_HPA","269","finished","nlp-srv2.iem.technion.ac.il"
"tabpfnv2p5_MUL_IMAGE_HUBMAP_HPA_0","0.9765421281624012","0","ft","TabPFN-v2p5 🇩🇪","2026-04-01T17:53:32.000Z","MUL_IMAGE_HUBMAP_HPA","562","finished","nlp-srv2.iem.technion.ac.il"
"tabpfnv2p5_MUL_IMAGE_HUBMAP_HPA_0","0.9711714623174812","0","all","TabPFN-v2p5 🇩🇪","2026-04-01T17:47:02.000Z","MUL_IMAGE_HUBMAP_HPA","276","finished","nlp-srv2.iem.technion.ac.il"
"tabm_MUL_IMAGE_HUBMAP_HPA_0","0.9710420770427396","0","ft","TabM Ⓜ️","2026-04-01T17:34:20.000Z","MUL_IMAGE_HUBMAP_HPA","567","finished","nlp-srv2.iem.technion.ac.il"
"tabm_MUL_IMAGE_HUBMAP_HPA_0","0.9710224674986826","0","all","TabM Ⓜ️","2026-04-01T17:27:49.000Z","MUL_IMAGE_HUBMAP_HPA","269","finished","nlp-srv2.iem.technion.ac.il"
"cat_MUL_IMAGE_HUBMAP_HPA_0","0.9649966838155744","0","ft","CatBoost 😸","2026-04-01T17:14:53.000Z","MUL_IMAGE_HUBMAP_HPA","572","finished","nlp-srv2.iem.technion.ac.il"
"cat_MUL_IMAGE_HUBMAP_HPA_0","0.9597425557684544","0","all","CatBoost 😸","2026-04-01T17:07:37.000Z","MUL_IMAGE_HUBMAP_HPA","311","finished","nlp-srv2.iem.technion.ac.il"