"Name","test_score","fold","multimodal_state","model","Created","dataset","Runtime"
"tabpfnv2p5_MUL_IMAGE_CBIS_DDSM_3","0.9202447060575164","3","ft","TabPFN-v2p5 🇩🇪","2026-04-02T12:49:13.000Z","MUL_IMAGE_CBIS_DDSM","433"
"tabpfnv2p5_MUL_IMAGE_CBIS_DDSM_3","0.8983440814676432","3","all","TabPFN-v2p5 🇩🇪","2026-04-02T12:44:28.000Z","MUL_IMAGE_CBIS_DDSM","257"
"tabpfnv2_MUL_IMAGE_CBIS_DDSM_4","0.8901348385003358","4","ft","TabPFN-v2 🤯","2026-04-02T12:37:56.000Z","MUL_IMAGE_CBIS_DDSM","436"
"tabpfnv2_MUL_IMAGE_CBIS_DDSM_4","0.8712746089887881","4","all","TabPFN-v2 🤯","2026-04-02T12:37:22.000Z","MUL_IMAGE_CBIS_DDSM","253"
"tabpfnv2p5_MUL_IMAGE_CBIS_DDSM_4","0.8980414058609585","4","ft","TabPFN-v2p5 🇩🇪","2026-04-02T12:36:04.000Z","MUL_IMAGE_CBIS_DDSM","434"
"tabpfnv2p5_MUL_IMAGE_CBIS_DDSM_4","0.8812596190629216","4","all","TabPFN-v2p5 🇩🇪","2026-04-02T12:33:17.000Z","MUL_IMAGE_CBIS_DDSM","256"
"tabpfnv2_MUL_IMAGE_CBIS_DDSM_3","0.9129217111371216","3","ft","TabPFN-v2 🤯","2026-04-02T12:32:54.000Z","MUL_IMAGE_CBIS_DDSM","426"
"tabm_MUL_IMAGE_CBIS_DDSM_4","0.8967490273911607","4","ft","TabM Ⓜ️","2026-04-02T12:30:56.000Z","MUL_IMAGE_CBIS_DDSM","364"
"tabm_MUL_IMAGE_CBIS_DDSM_4","0.8678696075741779","4","all","TabM Ⓜ️","2026-04-02T12:29:00.000Z","MUL_IMAGE_CBIS_DDSM","250"
"cat_MUL_IMAGE_CBIS_DDSM_4","0.8830444099050018","4","ft","CatBoost 😸","2026-04-02T12:28:47.000Z","MUL_IMAGE_CBIS_DDSM","411"
"tabpfnv2_MUL_IMAGE_CBIS_DDSM_3","0.894346080729665","3","all","TabPFN-v2 🤯","2026-04-02T12:28:09.000Z","MUL_IMAGE_CBIS_DDSM","256"
"cat_MUL_IMAGE_CBIS_DDSM_4","0.8518441440274175","4","all","CatBoost 😸","2026-04-02T12:24:47.000Z","MUL_IMAGE_CBIS_DDSM","249"
"light_MUL_IMAGE_CBIS_DDSM_4","0.8917596367734646","4","ft","LightGBM 💡","2026-04-02T12:24:32.000Z","MUL_IMAGE_CBIS_DDSM","360"
"light_MUL_IMAGE_CBIS_DDSM_4","0.8394095395761794","4","all","LightGBM 💡","2026-04-02T12:24:29.000Z","MUL_IMAGE_CBIS_DDSM","245"
"tabm_MUL_IMAGE_CBIS_DDSM_3","0.9117237623403596","3","ft","TabM Ⓜ️","2026-04-02T12:02:50.000Z","MUL_IMAGE_CBIS_DDSM","357"
"tabm_MUL_IMAGE_CBIS_DDSM_3","0.8875360115830058","3","all","TabM Ⓜ️","2026-04-02T12:02:26.000Z","MUL_IMAGE_CBIS_DDSM","252"
"cat_MUL_IMAGE_CBIS_DDSM_3","0.9058368054347908","3","ft","CatBoost 😸","2026-04-02T11:59:04.000Z","MUL_IMAGE_CBIS_DDSM","404"
"cat_MUL_IMAGE_CBIS_DDSM_3","0.881043868141046","3","all","CatBoost 😸","2026-04-02T11:58:43.000Z","MUL_IMAGE_CBIS_DDSM","227"
"light_MUL_IMAGE_CBIS_DDSM_3","0.8935685915346984","3","ft","LightGBM 💡","2026-04-02T11:56:10.000Z","MUL_IMAGE_CBIS_DDSM","426"
"light_MUL_IMAGE_CBIS_DDSM_3","0.8676299441179938","3","all","LightGBM 💡","2026-04-02T11:54:57.000Z","MUL_IMAGE_CBIS_DDSM","222"
"tabpfnv2_MUL_IMAGE_CBIS_DDSM_2","0.8876410498130187","2","ft","TabPFN-v2 🤯","2026-04-02T11:53:58.000Z","MUL_IMAGE_CBIS_DDSM","418"
"tabpfnv2_MUL_IMAGE_CBIS_DDSM_2","0.863618047157855","2","all","TabPFN-v2 🤯","2026-04-02T11:51:31.000Z","MUL_IMAGE_CBIS_DDSM","257"
"tabpfnv2p5_MUL_IMAGE_CBIS_DDSM_2","0.8828476925735596","2","ft","TabPFN-v2p5 🇩🇪","2026-04-02T11:50:27.000Z","MUL_IMAGE_CBIS_DDSM","456"
"tabpfnv2p5_MUL_IMAGE_CBIS_DDSM_2","0.8735286579014626","2","all","TabPFN-v2p5 🇩🇪","2026-04-02T11:49:25.000Z","MUL_IMAGE_CBIS_DDSM","251"
"tabm_MUL_IMAGE_CBIS_DDSM_2","0.8877637234812534","2","ft","TabM Ⓜ️","2026-04-02T11:47:09.000Z","MUL_IMAGE_CBIS_DDSM","427"
"tabm_MUL_IMAGE_CBIS_DDSM_2","0.8730443101861003","2","all","TabM Ⓜ️","2026-04-02T11:45:47.000Z","MUL_IMAGE_CBIS_DDSM","252"
"cat_MUL_IMAGE_CBIS_DDSM_2","0.8713888569924341","2","ft","CatBoost 😸","2026-04-02T11:44:20.000Z","MUL_IMAGE_CBIS_DDSM","426"
"cat_MUL_IMAGE_CBIS_DDSM_2","0.826072828908329","2","all","CatBoost 😸","2026-04-02T11:43:22.000Z","MUL_IMAGE_CBIS_DDSM","226"
"light_MUL_IMAGE_CBIS_DDSM_2","0.8703596299067451","2","ft","LightGBM 💡","2026-04-02T11:32:26.000Z","MUL_IMAGE_CBIS_DDSM","425"
"light_MUL_IMAGE_CBIS_DDSM_2","0.7848838569488374","2","all","LightGBM 💡","2026-04-02T11:31:19.000Z","MUL_IMAGE_CBIS_DDSM","245"
"tabpfnv2_MUL_IMAGE_CBIS_DDSM_1","0.9035851221515764","1","ft","TabPFN-v2 🤯","2026-04-02T11:29:24.000Z","MUL_IMAGE_CBIS_DDSM","374"
"tabpfnv2_MUL_IMAGE_CBIS_DDSM_1","0.8811349870397471","1","all","TabPFN-v2 🤯","2026-04-02T11:27:52.000Z","MUL_IMAGE_CBIS_DDSM","255"
"tabpfnv2p5_MUL_IMAGE_CBIS_DDSM_1","0.9114907470860476","1","ft","TabPFN-v2p5 🇩🇪","2026-04-02T11:26:47.000Z","MUL_IMAGE_CBIS_DDSM","444"
"tabpfnv2p5_MUL_IMAGE_CBIS_DDSM_1","0.888681694615826","1","all","TabPFN-v2p5 🇩🇪","2026-04-02T11:25:17.000Z","MUL_IMAGE_CBIS_DDSM","226"
"tabm_MUL_IMAGE_CBIS_DDSM_1","0.8854572566046586","1","ft","TabM Ⓜ️","2026-04-02T11:22:56.000Z","MUL_IMAGE_CBIS_DDSM","400"
"tabm_MUL_IMAGE_CBIS_DDSM_1","0.8817094386959945","1","all","TabM Ⓜ️","2026-04-02T11:22:29.000Z","MUL_IMAGE_CBIS_DDSM","251"
"cat_MUL_IMAGE_CBIS_DDSM_1","0.8925256940265621","1","ft","CatBoost 😸","2026-04-02T11:19:44.000Z","MUL_IMAGE_CBIS_DDSM","401"
"cat_MUL_IMAGE_CBIS_DDSM_1","0.8681982710237788","1","all","CatBoost 😸","2026-04-02T11:19:22.000Z","MUL_IMAGE_CBIS_DDSM","253"
"light_MUL_IMAGE_CBIS_DDSM_1","0.8770684333438179","1","ft","LightGBM 💡","2026-04-02T11:15:50.000Z","MUL_IMAGE_CBIS_DDSM","403"
"light_MUL_IMAGE_CBIS_DDSM_1","0.8421590076239033","1","all","LightGBM 💡","2026-04-02T11:15:10.000Z","MUL_IMAGE_CBIS_DDSM","248"
"tabpfnv2_MUL_IMAGE_CBIS_DDSM_0","0.8979738080003532","0","ft","TabPFN-v2 🤯","2026-04-02T11:14:58.000Z","MUL_IMAGE_CBIS_DDSM","387"
"tabpfnv2_MUL_IMAGE_CBIS_DDSM_0","0.8631329252373703","0","all","TabPFN-v2 🤯","2026-04-02T11:10:46.000Z","MUL_IMAGE_CBIS_DDSM","249"
"tabpfnv2p5_MUL_IMAGE_CBIS_DDSM_0","0.8961156966755698","0","ft","TabPFN-v2p5 🇩🇪","2026-04-02T11:10:25.000Z","MUL_IMAGE_CBIS_DDSM","458"
"tabpfnv2p5_MUL_IMAGE_CBIS_DDSM_0","0.8675587837098192","0","all","TabPFN-v2p5 🇩🇪","2026-04-02T11:10:22.000Z","MUL_IMAGE_CBIS_DDSM","277"
"tabm_MUL_IMAGE_CBIS_DDSM_0","0.897890623356932","0","ft","TabM Ⓜ️","2026-04-02T10:35:00.000Z","MUL_IMAGE_CBIS_DDSM","4301"
"tabm_MUL_IMAGE_CBIS_DDSM_0","0.8401867256334534","0","all","TabM Ⓜ️","2026-04-02T10:34:37.000Z","MUL_IMAGE_CBIS_DDSM","4123"
"cat_MUL_IMAGE_CBIS_DDSM_0","0.8795793543598258","0","ft","CatBoost 😸","2026-04-02T10:33:43.000Z","MUL_IMAGE_CBIS_DDSM","4291"
"cat_MUL_IMAGE_CBIS_DDSM_0","0.8120795199592283","0","all","CatBoost 😸","2026-04-02T10:33:33.000Z","MUL_IMAGE_CBIS_DDSM","3965"
"light_MUL_IMAGE_CBIS_DDSM_0","0.8862129487721961","0","ft","LightGBM 💡","2026-04-02T10:33:23.000Z","MUL_IMAGE_CBIS_DDSM","4089"
"light_MUL_IMAGE_CBIS_DDSM_0","0.7993914087962092","0","all","LightGBM 💡","2026-04-02T10:33:12.000Z","MUL_IMAGE_CBIS_DDSM","3887"