"Name","test_score","fold","multimodal_state","parameters.dino_models","model","Created","dataset","Runtime"
"tabpfnv2_REG_IMAGE_HNM_FASHION_4","0.6640192442787585","4","ft","","TabPFN-v2 🤯","2026-03-30T10:13:02.000Z","REG_IMAGE_HNM_FASHION","747"
"tabpfnv2_REG_IMAGE_HNM_FASHION_4","0.6207992396251576","4","all","","TabPFN-v2 🤯","2026-03-30T09:51:39.000Z","REG_IMAGE_HNM_FASHION","719"
"tabpfnv2p5_REG_IMAGE_HNM_FASHION_4","0.6776469535915082","4","ft","","TabPFN-v2p5 🇩🇪","2026-03-30T09:35:37.000Z","REG_IMAGE_HNM_FASHION","759"
"tabpfnv2p5_REG_IMAGE_HNM_FASHION_4","0.6435263728834657","4","all","","TabPFN-v2p5 🇩🇪","2026-03-30T09:15:51.000Z","REG_IMAGE_HNM_FASHION","654"
"tabm_REG_IMAGE_HNM_FASHION_4","0.6623529862043864","4","ft","","TabM Ⓜ️","2026-03-30T09:00:47.000Z","REG_IMAGE_HNM_FASHION","706"
"tabm_REG_IMAGE_HNM_FASHION_4","0.6367856074867579","4","all","","TabM Ⓜ️","2026-03-30T08:43:17.000Z","REG_IMAGE_HNM_FASHION","574"
"cat_REG_IMAGE_HNM_FASHION_4","0.6570731528028049","4","ft","","CatBoost 😸","2026-03-30T08:27:13.000Z","REG_IMAGE_HNM_FASHION","743"
"cat_REG_IMAGE_HNM_FASHION_4","0.616372267164678","4","all","","CatBoost 😸","2026-03-30T08:08:42.000Z","REG_IMAGE_HNM_FASHION","609"
"light_REG_IMAGE_HNM_FASHION_4","0.6486430165342132","4","ft","","LightGBM 💡","2026-03-30T07:53:39.000Z","REG_IMAGE_HNM_FASHION","705"
"light_REG_IMAGE_HNM_FASHION_4","0.5973322085617477","4","all","","LightGBM 💡","2026-03-30T07:36:43.000Z","REG_IMAGE_HNM_FASHION","540"
"tabpfnv2_REG_IMAGE_HNM_FASHION_3","0.6342445564235522","3","ft","","TabPFN-v2 🤯","2026-03-30T07:21:23.000Z","REG_IMAGE_HNM_FASHION","720"
"tabpfnv2_REG_IMAGE_HNM_FASHION_3","0.5994900357107511","3","all","","TabPFN-v2 🤯","2026-03-30T07:05:23.000Z","REG_IMAGE_HNM_FASHION","516"
"tabpfnv2p5_REG_IMAGE_HNM_FASHION_3","0.6542815161010391","3","ft","","TabPFN-v2p5 🇩🇪","2026-03-30T06:50:48.000Z","REG_IMAGE_HNM_FASHION","713"
"tabpfnv2p5_REG_IMAGE_HNM_FASHION_3","0.6149711649585174","3","all","","TabPFN-v2p5 🇩🇪","2026-03-30T06:35:04.000Z","REG_IMAGE_HNM_FASHION","497"
"tabm_REG_IMAGE_HNM_FASHION_3","0.6474718661313215","3","ft","","TabM Ⓜ️","2026-03-30T06:22:51.000Z","REG_IMAGE_HNM_FASHION","577"
"tabm_REG_IMAGE_HNM_FASHION_3","0.6108179304625697","3","all","","TabM Ⓜ️","2026-03-30T06:08:00.000Z","REG_IMAGE_HNM_FASHION","489"
"cat_REG_IMAGE_HNM_FASHION_3","0.6427726993416562","3","ft","","CatBoost 😸","2026-03-30T05:54:59.000Z","REG_IMAGE_HNM_FASHION","611"
"cat_REG_IMAGE_HNM_FASHION_3","0.5961128203962751","3","all","","CatBoost 😸","2026-03-30T05:40:04.000Z","REG_IMAGE_HNM_FASHION","482"
"light_REG_IMAGE_HNM_FASHION_3","0.624149435155413","3","ft","","LightGBM 💡","2026-03-30T05:27:04.000Z","REG_IMAGE_HNM_FASHION","603"
"light_REG_IMAGE_HNM_FASHION_3","0.5729164936286868","3","all","","LightGBM 💡","2026-03-30T05:13:48.000Z","REG_IMAGE_HNM_FASHION","426"
"tabpfnv2_REG_IMAGE_HNM_FASHION_2","0.6346499296405297","2","ft","","TabPFN-v2 🤯","2026-03-30T04:55:50.000Z","REG_IMAGE_HNM_FASHION","900"
"tabpfnv2_REG_IMAGE_HNM_FASHION_2","0.616232835824442","2","all","","TabPFN-v2 🤯","2026-03-30T04:36:16.000Z","REG_IMAGE_HNM_FASHION","625"
"tabpfnv2p5_REG_IMAGE_HNM_FASHION_2","0.6419214447025872","2","ft","","TabPFN-v2p5 🇩🇪","2026-03-30T04:18:55.000Z","REG_IMAGE_HNM_FASHION","870"
"tabpfnv2p5_REG_IMAGE_HNM_FASHION_2","0.6292963537297956","2","all","","TabPFN-v2p5 🇩🇪","2026-03-30T03:59:39.000Z","REG_IMAGE_HNM_FASHION","624"
"tabm_REG_IMAGE_HNM_FASHION_2","0.6366094577277726","2","ft","","TabM Ⓜ️","2026-03-30T03:47:08.000Z","REG_IMAGE_HNM_FASHION","587"
"tabm_REG_IMAGE_HNM_FASHION_2","0.6233342595412252","2","all","","TabM Ⓜ️","2026-03-30T03:32:49.000Z","REG_IMAGE_HNM_FASHION","470"
"cat_REG_IMAGE_HNM_FASHION_2","0.6315729993043269","2","ft","","CatBoost 😸","2026-03-30T03:20:26.000Z","REG_IMAGE_HNM_FASHION","578"
"cat_REG_IMAGE_HNM_FASHION_2","0.5958292366820377","2","all","","CatBoost 😸","2026-03-30T03:04:29.000Z","REG_IMAGE_HNM_FASHION","536"
"light_REG_IMAGE_HNM_FASHION_2","0.6125603270783135","2","ft","","LightGBM 💡","2026-03-30T02:52:21.000Z","REG_IMAGE_HNM_FASHION","550"
"light_REG_IMAGE_HNM_FASHION_2","0.5812150776581886","2","all","","LightGBM 💡","2026-03-30T02:38:38.000Z","REG_IMAGE_HNM_FASHION","448"
"tabpfnv2_REG_IMAGE_HNM_FASHION_1","0.6235853880162125","1","ft","","TabPFN-v2 🤯","2026-03-30T02:21:32.000Z","REG_IMAGE_HNM_FASHION","829"
"tabpfnv2_REG_IMAGE_HNM_FASHION_1","0.589466851786961","1","all","","TabPFN-v2 🤯","2026-03-30T02:01:24.000Z","REG_IMAGE_HNM_FASHION","648"
"tabpfnv2p5_REG_IMAGE_HNM_FASHION_1","0.6345224300265311","1","ft","","TabPFN-v2p5 🇩🇪","2026-03-30T01:42:45.000Z","REG_IMAGE_HNM_FASHION","842"
"tabpfnv2p5_REG_IMAGE_HNM_FASHION_1","0.5971973795565139","1","all","","TabPFN-v2p5 🇩🇪","2026-03-30T01:22:52.000Z","REG_IMAGE_HNM_FASHION","665"
"tabm_REG_IMAGE_HNM_FASHION_1","0.6243784395924098","1","ft","","TabM Ⓜ️","2026-03-30T01:06:01.000Z","REG_IMAGE_HNM_FASHION","831"
"tabm_REG_IMAGE_HNM_FASHION_1","0.5949750811055174","1","all","","TabM Ⓜ️","2026-03-30T00:47:46.000Z","REG_IMAGE_HNM_FASHION","596"
"cat_REG_IMAGE_HNM_FASHION_1","0.6199914078281414","1","ft","","CatBoost 😸","2026-03-30T00:32:57.000Z","REG_IMAGE_HNM_FASHION","755"
"cat_REG_IMAGE_HNM_FASHION_1","0.5793248482898607","1","all","","CatBoost 😸","2026-03-30T00:14:18.000Z","REG_IMAGE_HNM_FASHION","584"
"light_REG_IMAGE_HNM_FASHION_1","0.6103196145225784","1","ft","","LightGBM 💡","2026-03-29T23:58:42.000Z","REG_IMAGE_HNM_FASHION","776"
"light_REG_IMAGE_HNM_FASHION_1","0.561542774343496","1","all","","LightGBM 💡","2026-03-29T23:41:30.000Z","REG_IMAGE_HNM_FASHION","556"
"tabpfnv2_REG_IMAGE_HNM_FASHION_0","0.6513500493027488","0","ft","","TabPFN-v2 🤯","2026-03-29T23:31:00.000Z","REG_IMAGE_HNM_FASHION","462"
"tabpfnv2_REG_IMAGE_HNM_FASHION_0","0.5974661897553604","0","all","","TabPFN-v2 🤯","2026-03-29T23:20:06.000Z","REG_IMAGE_HNM_FASHION","350"
"tabpfnv2p5_REG_IMAGE_HNM_FASHION_0","0.6586384032304659","0","ft","","TabPFN-v2p5 🇩🇪","2026-03-29T23:10:40.000Z","REG_IMAGE_HNM_FASHION","451"
"tabpfnv2p5_REG_IMAGE_HNM_FASHION_0","0.6100656993462309","0","all","","TabPFN-v2p5 🇩🇪","2026-03-29T22:59:45.000Z","REG_IMAGE_HNM_FASHION","358"
"tabm_REG_IMAGE_HNM_FASHION_0","0.6495639751394087","0","ft","","TabM Ⓜ️","2026-03-29T22:51:13.000Z","REG_IMAGE_HNM_FASHION","404"
"tabm_REG_IMAGE_HNM_FASHION_0","0.6036334436655939","0","all","","TabM Ⓜ️","2026-03-29T22:41:32.000Z","REG_IMAGE_HNM_FASHION","306"
"cat_REG_IMAGE_HNM_FASHION_0","0.6402724377730353","0","ft","","CatBoost 😸","2026-03-29T22:32:48.000Z","REG_IMAGE_HNM_FASHION","411"
"cat_REG_IMAGE_HNM_FASHION_0","0.5830243306284117","0","all","","CatBoost 😸","2026-03-29T22:22:36.000Z","REG_IMAGE_HNM_FASHION","320"
"light_REG_IMAGE_HNM_FASHION_0","0.6445470669837787","0","ft","","LightGBM 💡","2026-03-29T22:14:16.000Z","REG_IMAGE_HNM_FASHION","391"
"light_REG_IMAGE_HNM_FASHION_0","0.5563559605293948","0","all","","LightGBM 💡","2026-03-29T21:45:44.000Z","REG_IMAGE_HNM_FASHION","1447"