"Name","test_score","fold","multimodal_state","model","Created","dataset","Runtime","Hostname","State"
"tabpfnv2_REG_IMAGE_AMAZON_BEST_SELLER_4","0.6236359854949095","4","ft","TabPFN-v2 🤯","2026-04-06T23:35:06.000Z","REG_IMAGE_AMAZON_BEST_SELLER","180","nlp-srv2.iem.technion.ac.il","finished"
"tabpfnv2_REG_IMAGE_AMAZON_BEST_SELLER_4","0.6127354736276336","4","all","TabPFN-v2 🤯","2026-04-06T23:34:14.000Z","REG_IMAGE_AMAZON_BEST_SELLER","48","nlp-srv2.iem.technion.ac.il","finished"
"tabpfnv2p5_REG_IMAGE_AMAZON_BEST_SELLER_4","0.6251017616747264","4","ft","TabPFN-v2p5 🇩🇪","2026-04-06T23:34:08.000Z","REG_IMAGE_AMAZON_BEST_SELLER","127","nlp-srv2.iem.technion.ac.il","finished"
"tabpfnv2p5_REG_IMAGE_AMAZON_BEST_SELLER_4","0.6269553571254529","4","all","TabPFN-v2p5 🇩🇪","2026-04-06T23:26:24.000Z","REG_IMAGE_AMAZON_BEST_SELLER","464","nlp-srv2.iem.technion.ac.il","finished"
"tabm_REG_IMAGE_AMAZON_BEST_SELLER_4","0.6029076537620233","4","ft","TabM Ⓜ️","2026-04-06T23:22:19.000Z","REG_IMAGE_AMAZON_BEST_SELLER","703","nlp-srv2.iem.technion.ac.il","finished"
"tabm_REG_IMAGE_AMAZON_BEST_SELLER_4","0.5754913947530095","4","all","TabM Ⓜ️","2026-04-06T23:21:31.000Z","REG_IMAGE_AMAZON_BEST_SELLER","44","nlp-srv2.iem.technion.ac.il","finished"
"cat_REG_IMAGE_AMAZON_BEST_SELLER_4","0.5932503933190587","4","ft","CatBoost 😸","2026-04-06T23:20:56.000Z","REG_IMAGE_AMAZON_BEST_SELLER","759","nlp-srv2.iem.technion.ac.il","finished"
"cat_REG_IMAGE_AMAZON_BEST_SELLER_4","0.536941712265101","4","all","CatBoost 😸","2026-04-06T23:20:33.000Z","REG_IMAGE_AMAZON_BEST_SELLER","46","nlp-srv2.iem.technion.ac.il","finished"
"light_REG_IMAGE_AMAZON_BEST_SELLER_4","0.5856565420046553","4","ft","LightGBM 💡","2026-04-06T23:19:31.000Z","REG_IMAGE_AMAZON_BEST_SELLER","114","nlp-srv2.iem.technion.ac.il","finished"
"light_REG_IMAGE_AMAZON_BEST_SELLER_4","0.5182645204480817","4","all","LightGBM 💡","2026-04-06T23:18:54.000Z","REG_IMAGE_AMAZON_BEST_SELLER","35","nlp-srv2.iem.technion.ac.il","finished"
"tabpfnv2_REG_IMAGE_AMAZON_BEST_SELLER_3","0.5708868518684577","3","ft","TabPFN-v2 🤯","2026-04-06T23:17:53.000Z","REG_IMAGE_AMAZON_BEST_SELLER","163","nlp-srv2.iem.technion.ac.il","finished"
"tabpfnv2_REG_IMAGE_AMAZON_BEST_SELLER_3","0.5923552509650097","3","all","TabPFN-v2 🤯","2026-04-06T23:17:03.000Z","REG_IMAGE_AMAZON_BEST_SELLER","42","nlp-srv2.iem.technion.ac.il","finished"
"tabpfnv2p5_REG_IMAGE_AMAZON_BEST_SELLER_3","0.5911928407896547","3","ft","TabPFN-v2p5 🇩🇪","2026-04-06T23:16:42.000Z","REG_IMAGE_AMAZON_BEST_SELLER","163","nlp-srv2.iem.technion.ac.il","finished"
"tabpfnv2p5_REG_IMAGE_AMAZON_BEST_SELLER_3","0.6351071183321595","3","all","TabPFN-v2p5 🇩🇪","2026-04-06T23:16:13.000Z","REG_IMAGE_AMAZON_BEST_SELLER","45","nlp-srv2.iem.technion.ac.il","finished"
"tabm_REG_IMAGE_AMAZON_BEST_SELLER_3","0.5465710840956868","3","ft","TabM Ⓜ️","2026-04-06T23:15:13.000Z","REG_IMAGE_AMAZON_BEST_SELLER","103","nlp-srv2.iem.technion.ac.il","finished"
"tabm_REG_IMAGE_AMAZON_BEST_SELLER_3","0.5910666580171583","3","all","TabM Ⓜ️","2026-04-06T23:14:23.000Z","REG_IMAGE_AMAZON_BEST_SELLER","46","nlp-srv2.iem.technion.ac.il","finished"
"cat_REG_IMAGE_AMAZON_BEST_SELLER_3","0.5486686482641578","3","ft","CatBoost 😸","2026-04-06T23:13:55.000Z","REG_IMAGE_AMAZON_BEST_SELLER","140","nlp-srv2.iem.technion.ac.il","finished"
"cat_REG_IMAGE_AMAZON_BEST_SELLER_3","0.5156327687222022","3","all","CatBoost 😸","2026-04-06T23:13:17.000Z","REG_IMAGE_AMAZON_BEST_SELLER","50","nlp-srv2.iem.technion.ac.il","finished"
"light_REG_IMAGE_AMAZON_BEST_SELLER_3","0.5298631732602432","3","ft","LightGBM 💡","2026-04-06T23:12:22.000Z","REG_IMAGE_AMAZON_BEST_SELLER","116","nlp-srv2.iem.technion.ac.il","finished"
"light_REG_IMAGE_AMAZON_BEST_SELLER_3","0.46030106735432275","3","all","LightGBM 💡","2026-04-06T23:11:37.000Z","REG_IMAGE_AMAZON_BEST_SELLER","38","nlp-srv2.iem.technion.ac.il","finished"
"tabpfnv2_REG_IMAGE_AMAZON_BEST_SELLER_2","0.5318910465803861","2","ft","TabPFN-v2 🤯","2026-04-06T23:10:41.000Z","REG_IMAGE_AMAZON_BEST_SELLER","164","nlp-srv2.iem.technion.ac.il","finished"
"tabpfnv2_REG_IMAGE_AMAZON_BEST_SELLER_2","0.5464467416027768","2","all","TabPFN-v2 🤯","2026-04-06T23:10:12.000Z","REG_IMAGE_AMAZON_BEST_SELLER","38","nlp-srv2.iem.technion.ac.il","finished"
"tabpfnv2p5_REG_IMAGE_AMAZON_BEST_SELLER_2","0.5567659044880178","2","ft","TabPFN-v2p5 🇩🇪","2026-04-06T23:09:19.000Z","REG_IMAGE_AMAZON_BEST_SELLER","177","nlp-srv2.iem.technion.ac.il","finished"
"tabpfnv2p5_REG_IMAGE_AMAZON_BEST_SELLER_2","0.5559980053370954","2","all","TabPFN-v2p5 🇩🇪","2026-04-06T23:08:32.000Z","REG_IMAGE_AMAZON_BEST_SELLER","40","nlp-srv2.iem.technion.ac.il","finished"
"tabm_REG_IMAGE_AMAZON_BEST_SELLER_2","0.5766182610342523","2","ft","TabM Ⓜ️","2026-04-06T23:08:12.000Z","REG_IMAGE_AMAZON_BEST_SELLER","117","nlp-srv2.iem.technion.ac.il","finished"
"tabm_REG_IMAGE_AMAZON_BEST_SELLER_2","0.4903931427265916","2","all","TabM Ⓜ️","2026-04-06T23:07:40.000Z","REG_IMAGE_AMAZON_BEST_SELLER","50","nlp-srv2.iem.technion.ac.il","finished"
"cat_REG_IMAGE_AMAZON_BEST_SELLER_2","0.5336002465356211","2","ft","CatBoost 😸","2026-04-06T23:06:22.000Z","REG_IMAGE_AMAZON_BEST_SELLER","107","nlp-srv2.iem.technion.ac.il","finished"
"cat_REG_IMAGE_AMAZON_BEST_SELLER_2","0.4810936627057062","2","all","CatBoost 😸","2026-04-06T23:06:05.000Z","REG_IMAGE_AMAZON_BEST_SELLER","38","nlp-srv2.iem.technion.ac.il","finished"
"light_REG_IMAGE_AMAZON_BEST_SELLER_2","0.5075562327052503","2","ft","LightGBM 💡","2026-04-06T23:05:15.000Z","REG_IMAGE_AMAZON_BEST_SELLER","154","nlp-srv2.iem.technion.ac.il","finished"
"light_REG_IMAGE_AMAZON_BEST_SELLER_2","0.44477825629209145","2","all","LightGBM 💡","2026-04-06T23:04:28.000Z","REG_IMAGE_AMAZON_BEST_SELLER","40","nlp-srv2.iem.technion.ac.il","finished"
"tabpfnv2_REG_IMAGE_AMAZON_BEST_SELLER_1","0.5850811456702176","1","ft","TabPFN-v2 🤯","2026-04-06T23:04:00.000Z","REG_IMAGE_AMAZON_BEST_SELLER","119","nlp-srv2.iem.technion.ac.il","finished"
"tabpfnv2_REG_IMAGE_AMAZON_BEST_SELLER_1","0.5805790052224651","1","all","TabPFN-v2 🤯","2026-04-06T23:03:18.000Z","REG_IMAGE_AMAZON_BEST_SELLER","39","nlp-srv2.iem.technion.ac.il","finished"
"tabpfnv2p5_REG_IMAGE_AMAZON_BEST_SELLER_1","0.5919832863683933","1","ft","TabPFN-v2p5 🇩🇪","2026-04-06T23:02:12.000Z","REG_IMAGE_AMAZON_BEST_SELLER","129","nlp-srv2.iem.technion.ac.il","finished"
"tabpfnv2p5_REG_IMAGE_AMAZON_BEST_SELLER_1","0.6049611292721373","1","all","TabPFN-v2p5 🇩🇪","2026-04-06T23:01:29.000Z","REG_IMAGE_AMAZON_BEST_SELLER","38","nlp-srv2.iem.technion.ac.il","finished"
"tabm_REG_IMAGE_AMAZON_BEST_SELLER_1","0.5617333970042073","1","ft","TabM Ⓜ️","2026-04-06T23:01:11.000Z","REG_IMAGE_AMAZON_BEST_SELLER","160","nlp-srv2.iem.technion.ac.il","finished"
"tabm_REG_IMAGE_AMAZON_BEST_SELLER_1","0.5363797424867345","1","all","TabM Ⓜ️","2026-04-06T23:00:32.000Z","REG_IMAGE_AMAZON_BEST_SELLER","55","nlp-srv2.iem.technion.ac.il","finished"
"cat_REG_IMAGE_AMAZON_BEST_SELLER_1","0.5644464515319132","1","ft","CatBoost 😸","2026-04-06T22:59:11.000Z","REG_IMAGE_AMAZON_BEST_SELLER","128","nlp-srv2.iem.technion.ac.il","finished"
"cat_REG_IMAGE_AMAZON_BEST_SELLER_1","0.49660912897178655","1","all","CatBoost 😸","2026-04-06T22:58:54.000Z","REG_IMAGE_AMAZON_BEST_SELLER","66","nlp-srv2.iem.technion.ac.il","finished"
"light_REG_IMAGE_AMAZON_BEST_SELLER_1","0.5413129409012707","1","ft","LightGBM 💡","2026-04-06T22:58:00.000Z","REG_IMAGE_AMAZON_BEST_SELLER","144","nlp-srv2.iem.technion.ac.il","finished"
"light_REG_IMAGE_AMAZON_BEST_SELLER_1","0.46848407669958425","1","all","LightGBM 💡","2026-04-06T22:57:19.000Z","REG_IMAGE_AMAZON_BEST_SELLER","42","nlp-srv2.iem.technion.ac.il","finished"
"tabpfnv2_REG_IMAGE_AMAZON_BEST_SELLER_0","0.5799158790713963","0","ft","TabPFN-v2 🤯","2026-04-06T22:56:28.000Z","REG_IMAGE_AMAZON_BEST_SELLER","140","nlp-srv2.iem.technion.ac.il","finished"
"tabpfnv2_REG_IMAGE_AMAZON_BEST_SELLER_0","0.6456463970474953","0","all","TabPFN-v2 🤯","2026-04-06T22:55:41.000Z","REG_IMAGE_AMAZON_BEST_SELLER","42","nlp-srv2.iem.technion.ac.il","finished"
"tabpfnv2p5_REG_IMAGE_AMAZON_BEST_SELLER_0","0.5873912722830461","0","ft","TabPFN-v2p5 🇩🇪","2026-04-06T22:54:41.000Z","REG_IMAGE_AMAZON_BEST_SELLER","177","nlp-srv2.iem.technion.ac.il","finished"
"tabpfnv2p5_REG_IMAGE_AMAZON_BEST_SELLER_0","0.6695542393552912","0","all","TabPFN-v2p5 🇩🇪","2026-04-06T22:53:50.000Z","REG_IMAGE_AMAZON_BEST_SELLER","41","nlp-srv2.iem.technion.ac.il","finished"
"tabm_REG_IMAGE_AMAZON_BEST_SELLER_0","0.6323788841926573","0","ft","TabM Ⓜ️","2026-04-06T22:53:18.000Z","REG_IMAGE_AMAZON_BEST_SELLER","166","nlp-srv2.iem.technion.ac.il","finished"
"tabm_REG_IMAGE_AMAZON_BEST_SELLER_0","0.6237204602496568","0","all","TabM Ⓜ️","2026-04-06T22:52:49.000Z","REG_IMAGE_AMAZON_BEST_SELLER","49","nlp-srv2.iem.technion.ac.il","finished"
"cat_REG_IMAGE_AMAZON_BEST_SELLER_0","0.6119412816066834","0","ft","CatBoost 😸","2026-04-06T22:51:50.000Z","REG_IMAGE_AMAZON_BEST_SELLER","116","nlp-srv2.iem.technion.ac.il","finished"
"cat_REG_IMAGE_AMAZON_BEST_SELLER_0","0.5960760665983362","0","all","CatBoost 😸","2026-04-06T22:50:52.000Z","REG_IMAGE_AMAZON_BEST_SELLER","51","nlp-srv2.iem.technion.ac.il","finished"
"light_REG_IMAGE_AMAZON_BEST_SELLER_0","0.6074260336976972","0","ft","LightGBM 💡","2026-04-06T22:50:43.000Z","REG_IMAGE_AMAZON_BEST_SELLER","120","nlp-srv2.iem.technion.ac.il","finished"
"light_REG_IMAGE_AMAZON_BEST_SELLER_0","0.5350131713406655","0","all","LightGBM 💡","2026-04-06T22:49:58.000Z","REG_IMAGE_AMAZON_BEST_SELLER","43","nlp-srv2.iem.technion.ac.il","finished"