dataset,model,non,img,all,delta_joint,joint_pass,joint_pass_5,admitted
BIN_IMAGE_OASIS_ALZHEIMERS,CatBoost,0.92,0.891,0.939,0.019,True,5,True
BIN_IMAGE_OASIS_ALZHEIMERS,LightGBM,0.913,0.884,0.926,0.013,True,5,True
BIN_IMAGE_OASIS_ALZHEIMERS,TabM,0.894,0.876,0.909,0.015,True,5,True
BIN_IMAGE_OASIS_ALZHEIMERS,TabPFN-2.5,0.913,0.908,0.943,0.03,True,5,True
BIN_IMAGE_OASIS_ALZHEIMERS,TabPFNv2,0.908,0.904,0.937,0.029,True,5,True
MUL_IMAGE_HAM10000_LESION,CatBoost,0.8,0.949,0.954,0.005,True,5,True
MUL_IMAGE_HAM10000_LESION,LightGBM,0.777,0.934,0.946,0.012,True,5,True
MUL_IMAGE_HAM10000_LESION,TabM,0.806,0.956,0.961,0.005,True,5,True
MUL_IMAGE_HAM10000_LESION,TabPFN-2.5,0.807,0.955,0.961,0.006,True,5,True
MUL_IMAGE_HAM10000_LESION,TabPFNv2,0.802,0.953,0.958,0.005,True,5,True
MUL_IMAGE_MINECRAFT,CatBoost,0.938,0.95,0.986,0.036,True,5,True
MUL_IMAGE_MINECRAFT,LightGBM,0.937,0.944,0.984,0.04,True,5,True
MUL_IMAGE_MINECRAFT,TabM,0.939,0.961,0.988,0.027,True,5,True
MUL_IMAGE_MINECRAFT,TabPFN-2.5,0.943,0.964,0.992,0.028,True,5,True
MUL_IMAGE_MINECRAFT,TabPFNv2,0.943,0.967,0.991,0.024,True,5,True
MUL_IMAGE_PAD_UFES_LESION,CatBoost,0.922,0.892,0.944,0.022,True,5,True
MUL_IMAGE_PAD_UFES_LESION,LightGBM,0.906,0.866,0.934,0.028,True,5,True
MUL_IMAGE_PAD_UFES_LESION,TabM,0.921,0.904,0.956,0.035,True,5,True
MUL_IMAGE_PAD_UFES_LESION,TabPFN-2.5,0.928,0.911,0.958,0.03,True,5,True
MUL_IMAGE_PAD_UFES_LESION,TabPFNv2,0.927,0.908,0.957,0.03,True,5,True
REG_IMAGE_FLIPKART_RATIO,CatBoost,0.709,0.444,0.712,0.003,True,5,True
REG_IMAGE_FLIPKART_RATIO,LightGBM,0.652,0.382,0.661,0.009,True,5,True
REG_IMAGE_FLIPKART_RATIO,TabM,0.713,0.467,0.726,0.013,True,5,True
REG_IMAGE_FLIPKART_RATIO,TabPFN-2.5,0.754,0.505,0.774,0.02,True,5,True
REG_IMAGE_FLIPKART_RATIO,TabPFNv2,0.723,0.451,0.735,0.012,True,5,True
REG_IMAGE_GOIAS_HOUSES,CatBoost,0.929,0.657,0.945,0.016,True,5,True
REG_IMAGE_GOIAS_HOUSES,LightGBM,0.917,0.569,0.932,0.015,True,5,True
REG_IMAGE_GOIAS_HOUSES,TabM,0.934,0.704,0.949,0.015,True,5,True
REG_IMAGE_GOIAS_HOUSES,TabPFN-2.5,0.948,0.736,0.963,0.015,True,5,True
REG_IMAGE_GOIAS_HOUSES,TabPFNv2,0.929,0.636,0.945,0.016,True,5,True
REG_IMAGE_LAHAINA_AUCTION,CatBoost,0.56,0.072,0.576,0.016,True,5,True
REG_IMAGE_LAHAINA_AUCTION,LightGBM,0.499,0.034,0.539,0.04,True,5,True
REG_IMAGE_LAHAINA_AUCTION,TabM,0.577,0.098,0.585,0.008,True,5,True
REG_IMAGE_LAHAINA_AUCTION,TabPFN-2.5,0.572,0.128,0.585,0.013,True,5,True
REG_IMAGE_LAHAINA_AUCTION,TabPFNv2,0.582,0.135,0.594,0.012,True,5,True
REG_IMAGE_SOCAL_HOUSES,CatBoost,0.731,0.343,0.748,0.017,True,5,True
REG_IMAGE_SOCAL_HOUSES,LightGBM,0.699,0.296,0.714,0.015,True,5,True
REG_IMAGE_SOCAL_HOUSES,TabM,0.737,0.371,0.749,0.012,True,5,True
REG_IMAGE_SOCAL_HOUSES,TabPFN-2.5,0.77,0.368,0.804,0.034,True,5,True
REG_IMAGE_SOCAL_HOUSES,TabPFNv2,0.739,0.318,0.77,0.031,True,5,True
REG_IMAGE_WATCH_TIER,CatBoost,0.303,0.17,0.397,0.094,True,5,True
REG_IMAGE_WATCH_TIER,LightGBM,0.307,0.12,0.434,0.127,True,5,True
REG_IMAGE_WATCH_TIER,TabM,0.372,0.211,0.532,0.16,True,5,True
REG_IMAGE_WATCH_TIER,TabPFN-2.5,0.369,0.265,0.527,0.158,True,5,True
REG_IMAGE_WATCH_TIER,TabPFNv2,0.354,0.241,0.504,0.15,True,5,True
MUL_IMAGE_POKEMON_HEIGHT,CatBoost,0.841,0.686,0.843,0.002,True,4,True
MUL_IMAGE_POKEMON_HEIGHT,LightGBM,0.805,0.663,0.8,-0.005,False,4,True
MUL_IMAGE_POKEMON_HEIGHT,TabM,0.85,0.707,0.86,0.01,True,4,True
MUL_IMAGE_POKEMON_HEIGHT,TabPFN-2.5,0.875,0.745,0.883,0.008,True,4,True
MUL_IMAGE_POKEMON_HEIGHT,TabPFNv2,0.873,0.743,0.88,0.007,True,4,True
MUL_IMAGE_REDDIT_MEMES,CatBoost,0.925,0.765,0.938,0.013,True,4,True
MUL_IMAGE_REDDIT_MEMES,LightGBM,0.926,0.751,0.934,0.008,True,4,True
MUL_IMAGE_REDDIT_MEMES,TabM,0.909,0.763,0.909,0.0,False,4,True
MUL_IMAGE_REDDIT_MEMES,TabPFN-2.5,0.939,0.779,0.952,0.013,True,4,True
MUL_IMAGE_REDDIT_MEMES,TabPFNv2,0.946,0.774,0.96,0.014,True,4,True
REG_IMAGE_DVM_CAR,CatBoost,0.592,0.311,0.623,0.031,True,4,True
REG_IMAGE_DVM_CAR,LightGBM,0.507,0.195,0.462,-0.045,False,4,True
REG_IMAGE_DVM_CAR,TabM,0.624,0.36,0.626,0.002,True,4,True
REG_IMAGE_DVM_CAR,TabPFN-2.5,0.612,0.485,0.621,0.009,True,4,True
REG_IMAGE_DVM_CAR,TabPFNv2,0.626,0.432,0.638,0.012,True,4,True
MUL_IMAGE_HEARTHSTONE_CLASS,CatBoost,0.91,0.816,0.919,0.009,True,3,True
MUL_IMAGE_HEARTHSTONE_CLASS,LightGBM,0.887,0.808,0.897,0.01,True,3,True
MUL_IMAGE_HEARTHSTONE_CLASS,TabM,0.917,0.813,0.926,0.009,True,3,True
