subset_1,size_1,subset_2,size_2,jaccard
LightGBM,1,CatBoost,1,0.611
LightGBM,1,TabM,1,0.528
LightGBM,1,TabPFNv2,1,0.568
LightGBM,1,TabPFN-2.5,1,0.412
LightGBM,1,LightGBM+CatBoost,2,0.733
LightGBM,1,LightGBM+TabM,2,0.633
LightGBM,1,LightGBM+TabPFNv2,2,0.7
LightGBM,1,LightGBM+TabPFN-2.5,2,0.467
LightGBM,1,CatBoost+TabM,2,0.515
LightGBM,1,CatBoost+TabPFNv2,2,0.613
LightGBM,1,CatBoost+TabPFN-2.5,2,0.452
LightGBM,1,TabM+TabPFNv2,2,0.455
LightGBM,1,TabM+TabPFN-2.5,2,0.355
LightGBM,1,TabPFNv2+TabPFN-2.5,2,0.424
LightGBM,1,LightGBM+CatBoost+TabM,3,0.727
LightGBM,1,LightGBM+CatBoost+TabPFNv2,3,0.774
LightGBM,1,LightGBM+CatBoost+TabPFN-2.5,3,0.71
LightGBM,1,LightGBM+TabM+TabPFNv2,3,0.758
LightGBM,1,LightGBM+TabM+TabPFN-2.5,3,0.71
LightGBM,1,LightGBM+TabPFNv2+TabPFN-2.5,3,0.636
LightGBM,1,CatBoost+TabM+TabPFNv2,3,0.568
LightGBM,1,CatBoost+TabM+TabPFN-2.5,3,0.571
LightGBM,1,CatBoost+TabPFNv2+TabPFN-2.5,3,0.576
LightGBM,1,TabM+TabPFNv2+TabPFN-2.5,3,0.514
LightGBM,1,LightGBM+CatBoost+TabM+TabPFNv2,4,0.7
LightGBM,1,LightGBM+CatBoost+TabM+TabPFN-2.5,4,0.667
LightGBM,1,LightGBM+CatBoost+TabPFNv2+TabPFN-2.5,4,0.613
LightGBM,1,LightGBM+TabM+TabPFNv2+TabPFN-2.5,4,0.581
LightGBM,1,CatBoost+TabM+TabPFNv2+TabPFN-2.5,4,0.562
LightGBM,1,LightGBM+CatBoost+TabM+TabPFNv2+TabPFN-2.5,5,0.656
CatBoost,1,TabM,1,0.606
CatBoost,1,TabPFNv2,1,0.556
CatBoost,1,TabPFN-2.5,1,0.484
CatBoost,1,LightGBM+CatBoost,2,0.786
CatBoost,1,LightGBM+TabM,2,0.567
CatBoost,1,LightGBM+TabPFNv2,2,0.633
CatBoost,1,LightGBM+TabPFN-2.5,2,0.5
CatBoost,1,CatBoost+TabM,2,0.714
CatBoost,1,CatBoost+TabPFNv2,2,0.714
CatBoost,1,CatBoost+TabPFN-2.5,2,0.536
CatBoost,1,TabM+TabPFNv2,2,0.484
CatBoost,1,TabM+TabPFN-2.5,2,0.379
CatBoost,1,TabPFNv2+TabPFN-2.5,2,0.5
CatBoost,1,LightGBM+CatBoost+TabM,3,0.833
CatBoost,1,LightGBM+CatBoost+TabPFNv2,3,0.767
CatBoost,1,LightGBM+CatBoost+TabPFN-2.5,3,0.821
CatBoost,1,LightGBM+TabM+TabPFNv2,3,0.6
CatBoost,1,LightGBM+TabM+TabPFN-2.5,3,0.645
CatBoost,1,LightGBM+TabPFNv2+TabPFN-2.5,3,0.625
CatBoost,1,CatBoost+TabM+TabPFNv2,3,0.806
CatBoost,1,CatBoost+TabM+TabPFN-2.5,3,0.828
CatBoost,1,CatBoost+TabPFNv2+TabPFN-2.5,3,0.667
CatBoost,1,TabM+TabPFNv2+TabPFN-2.5,3,0.594
CatBoost,1,LightGBM+CatBoost+TabM+TabPFNv2,4,0.75
CatBoost,1,LightGBM+CatBoost+TabM+TabPFN-2.5,4,0.714
CatBoost,1,LightGBM+CatBoost+TabPFNv2+TabPFN-2.5,4,0.714
CatBoost,1,LightGBM+TabM+TabPFNv2+TabPFN-2.5,4,0.621
CatBoost,1,CatBoost+TabM+TabPFNv2+TabPFN-2.5,4,0.655
CatBoost,1,LightGBM+CatBoost+TabM+TabPFNv2+TabPFN-2.5,5,0.759
TabM,1,TabPFNv2,1,0.514
TabM,1,TabPFN-2.5,1,0.387
TabM,1,LightGBM+CatBoost,2,0.567
TabM,1,LightGBM+TabM,2,0.76
TabM,1,LightGBM+TabPFNv2,2,0.484
TabM,1,LightGBM+TabPFN-2.5,2,0.393
TabM,1,CatBoost+TabM,2,0.8
TabM,1,CatBoost+TabPFNv2,2,0.5
TabM,1,CatBoost+TabPFN-2.5,2,0.379
TabM,1,TabM+TabPFNv2,2,0.72
TabM,1,TabM+TabPFN-2.5,2,0.48
TabM,1,TabPFNv2+TabPFN-2.5,2,0.4
TabM,1,LightGBM+CatBoost+TabM,3,0.733
TabM,1,LightGBM+CatBoost+TabPFNv2,3,0.515
TabM,1,LightGBM+CatBoost+TabPFN-2.5,3,0.548
TabM,1,LightGBM+TabM+TabPFNv2,3,0.71
TabM,1,LightGBM+TabM+TabPFN-2.5,3,0.714
TabM,1,LightGBM+TabPFNv2+TabPFN-2.5,3,0.485
TabM,1,CatBoost+TabM+TabPFNv2,3,0.767
TabM,1,CatBoost+TabM+TabPFN-2.5,3,0.724
TabM,1,CatBoost+TabPFNv2+TabPFN-2.5,3,0.516
TabM,1,TabM+TabPFNv2+TabPFN-2.5,3,0.6
TabM,1,LightGBM+CatBoost+TabM+TabPFNv2,4,0.586
TabM,1,LightGBM+CatBoost+TabM+TabPFN-2.5,4,0.607
TabM,1,LightGBM+CatBoost+TabPFNv2+TabPFN-2.5,4,0.5
TabM,1,LightGBM+TabM+TabPFNv2+TabPFN-2.5,4,0.571
TabM,1,CatBoost+TabM+TabPFNv2+TabPFN-2.5,4,0.552
TabM,1,LightGBM+CatBoost+TabM+TabPFNv2+TabPFN-2.5,5,0.6
TabPFNv2,1,TabPFN-2.5,1,0.586
TabPFNv2,1,LightGBM+CatBoost,2,0.613
TabPFNv2,1,LightGBM+TabM,2,0.469
TabPFNv2,1,LightGBM+TabPFNv2,2,0.75
TabPFNv2,1,LightGBM+TabPFN-2.5,2,0.5
TabPFNv2,1,CatBoost+TabM,2,0.455
TabPFNv2,1,CatBoost+TabPFNv2,2,0.714
TabPFNv2,1,CatBoost+TabPFN-2.5,2,0.536
TabPFNv2,1,TabM+TabPFNv2,2,0.643
TabPFNv2,1,TabM+TabPFN-2.5,2,0.429
TabPFNv2,1,TabPFNv2+TabPFN-2.5,2,0.607
TabPFNv2,1,LightGBM+CatBoost+TabM,3,0.528
TabPFNv2,1,LightGBM+CatBoost+TabPFNv2,3,0.71
TabPFNv2,1,LightGBM+CatBoost+TabPFN-2.5,3,0.645
TabPFNv2,1,LightGBM+TabM+TabPFNv2,3,0.75
TabPFNv2,1,LightGBM+TabM+TabPFN-2.5,3,0.594
TabPFNv2,1,LightGBM+TabPFNv2+TabPFN-2.5,3,0.857
TabPFNv2,1,CatBoost+TabM+TabPFNv2,3,0.697
TabPFNv2,1,CatBoost+TabM+TabPFN-2.5,3,0.606
TabPFNv2,1,CatBoost+TabPFNv2+TabPFN-2.5,3,0.786
TabPFNv2,1,TabM+TabPFNv2+TabPFN-2.5,3,0.821
TabPFNv2,1,LightGBM+CatBoost+TabM+TabPFNv2,4,0.633
TabPFNv2,1,LightGBM+CatBoost+TabM+TabPFN-2.5,4,0.6
TabPFNv2,1,LightGBM+CatBoost+TabPFNv2+TabPFN-2.5,4,0.714
TabPFNv2,1,LightGBM+TabM+TabPFNv2+TabPFN-2.5,4,0.679
TabPFNv2,1,CatBoost+TabM+TabPFNv2+TabPFN-2.5,4,0.714
TabPFNv2,1,LightGBM+CatBoost+TabM+TabPFNv2+TabPFN-2.5,5,0.7
TabPFN-2.5,1,LightGBM+CatBoost,2,0.538
TabPFN-2.5,1,LightGBM+TabM,2,0.423
TabPFN-2.5,1,LightGBM+TabPFNv2,2,0.56
TabPFN-2.5,1,LightGBM+TabPFN-2.5,2,0.778
TabPFN-2.5,1,CatBoost+TabM,2,0.407
TabPFN-2.5,1,CatBoost+TabPFNv2,2,0.652
TabPFN-2.5,1,CatBoost+TabPFN-2.5,2,0.833
TabPFN-2.5,1,TabM+TabPFNv2,2,0.5
TabPFN-2.5,1,TabM+TabPFN-2.5,2,0.667
TabPFN-2.5,1,TabPFNv2+TabPFN-2.5,2,0.944
TabPFN-2.5,1,LightGBM+CatBoost+TabM,3,0.452
TabPFN-2.5,1,LightGBM+CatBoost+TabPFNv2,3,0.536
TabPFN-2.5,1,LightGBM+CatBoost+TabPFN-2.5,3,0.577
TabPFN-2.5,1,LightGBM+TabM+TabPFNv2,3,0.484
TabPFN-2.5,1,LightGBM+TabM+TabPFN-2.5,3,0.577
TabPFN-2.5,1,LightGBM+TabPFNv2+TabPFN-2.5,3,0.68
TabPFN-2.5,1,CatBoost+TabM+TabPFNv2,3,0.533
TabPFN-2.5,1,CatBoost+TabM+TabPFN-2.5,3,0.593
TabPFN-2.5,1,CatBoost+TabPFNv2+TabPFN-2.5,3,0.739
TabPFN-2.5,1,TabM+TabPFNv2+TabPFN-2.5,3,0.708
TabPFN-2.5,1,LightGBM+CatBoost+TabM+TabPFNv2,4,0.56
TabPFN-2.5,1,LightGBM+CatBoost+TabM+TabPFN-2.5,4,0.583
TabPFN-2.5,1,LightGBM+CatBoost+TabPFNv2+TabPFN-2.5,4,0.652
TabPFN-2.5,1,LightGBM+TabM+TabPFNv2+TabPFN-2.5,4,0.682
TabPFN-2.5,1,CatBoost+TabM+TabPFNv2+TabPFN-2.5,4,0.727
TabPFN-2.5,1,LightGBM+CatBoost+TabM+TabPFNv2+TabPFN-2.5,5,0.64
LightGBM+CatBoost,2,LightGBM+TabM,2,0.708
LightGBM+CatBoost,2,LightGBM+TabPFNv2,2,0.792
LightGBM+CatBoost,2,LightGBM+TabPFN-2.5,2,0.636
LightGBM+CatBoost,2,CatBoost+TabM,2,0.68
LightGBM+CatBoost,2,CatBoost+TabPFNv2,2,0.826
LightGBM+CatBoost,2,CatBoost+TabPFN-2.5,2,0.609
LightGBM+CatBoost,2,TabM+TabPFNv2,2,0.6
LightGBM+CatBoost,2,TabM+TabPFN-2.5,2,0.478
LightGBM+CatBoost,2,TabPFNv2+TabPFN-2.5,2,0.56
LightGBM+CatBoost,2,LightGBM+CatBoost+TabM,3,0.815
LightGBM+CatBoost,2,LightGBM+CatBoost+TabPFNv2,3,0.88
LightGBM+CatBoost,2,LightGBM+CatBoost+TabPFN-2.5,3,0.957
LightGBM+CatBoost,2,LightGBM+TabM+TabPFNv2,3,0.724
LightGBM+CatBoost,2,LightGBM+TabM+TabPFN-2.5,3,0.8
LightGBM+CatBoost,2,LightGBM+TabPFNv2+TabPFN-2.5,3,0.704
LightGBM+CatBoost,2,CatBoost+TabM+TabPFNv2,3,0.724
LightGBM+CatBoost,2,CatBoost+TabM+TabPFN-2.5,3,0.741
LightGBM+CatBoost,2,CatBoost+TabPFNv2+TabPFN-2.5,3,0.76
LightGBM+CatBoost,2,TabM+TabPFNv2+TabPFN-2.5,3,0.667
LightGBM+CatBoost,2,LightGBM+CatBoost+TabM+TabPFNv2,4,0.955
LightGBM+CatBoost,2,LightGBM+CatBoost+TabM+TabPFN-2.5,4,0.909
LightGBM+CatBoost,2,LightGBM+CatBoost+TabPFNv2+TabPFN-2.5,4,0.826
LightGBM+CatBoost,2,LightGBM+TabM+TabPFNv2+TabPFN-2.5,4,0.783
LightGBM+CatBoost,2,CatBoost+TabM+TabPFNv2+TabPFN-2.5,4,0.75
LightGBM+CatBoost,2,LightGBM+CatBoost+TabM+TabPFNv2+TabPFN-2.5,5,0.875
LightGBM+TabM,2,LightGBM+TabPFNv2,2,0.6
LightGBM+TabM,2,LightGBM+TabPFN-2.5,2,0.5
LightGBM+TabM,2,CatBoost+TabM,2,0.773
LightGBM+TabM,2,CatBoost+TabPFNv2,2,0.625
LightGBM+TabM,2,CatBoost+TabPFN-2.5,2,0.478
LightGBM+TabM,2,TabM+TabPFNv2,2,0.682
LightGBM+TabM,2,TabM+TabPFN-2.5,2,0.55
LightGBM+TabM,2,TabPFNv2+TabPFN-2.5,2,0.44
LightGBM+TabM,2,LightGBM+CatBoost+TabM,3,0.704
LightGBM+TabM,2,LightGBM+CatBoost+TabPFNv2,3,0.63
LightGBM+TabM,2,LightGBM+CatBoost+TabPFN-2.5,3,0.68
LightGBM+TabM,2,LightGBM+TabM+TabPFNv2,3,0.679
LightGBM+TabM,2,LightGBM+TabM+TabPFN-2.5,3,0.826
LightGBM+TabM,2,LightGBM+TabPFNv2+TabPFN-2.5,3,0.536
LightGBM+TabM,2,CatBoost+TabM+TabPFNv2,3,0.567
LightGBM+TabM,2,CatBoost+TabM+TabPFN-2.5,3,0.63
LightGBM+TabM,2,CatBoost+TabPFNv2+TabPFN-2.5,3,0.577
LightGBM+TabM,2,TabM+TabPFNv2+TabPFN-2.5,3,0.556
LightGBM+TabM,2,LightGBM+CatBoost+TabM+TabPFNv2,4,0.739
LightGBM+TabM,2,LightGBM+CatBoost+TabM+TabPFN-2.5,4,0.773
LightGBM+TabM,2,LightGBM+CatBoost+TabPFNv2+TabPFN-2.5,4,0.625
LightGBM+TabM,2,LightGBM+TabM+TabPFNv2+TabPFN-2.5,4,0.652
LightGBM+TabM,2,CatBoost+TabM+TabPFNv2+TabPFN-2.5,4,0.625
LightGBM+TabM,2,LightGBM+CatBoost+TabM+TabPFNv2+TabPFN-2.5,5,0.68
LightGBM+TabPFNv2,2,LightGBM+TabPFN-2.5,2,0.667
LightGBM+TabPFNv2,2,CatBoost+TabM,2,0.577
LightGBM+TabPFNv2,2,CatBoost+TabPFNv2,2,0.864
LightGBM+TabPFNv2,2,CatBoost+TabPFN-2.5,2,0.636
LightGBM+TabPFNv2,2,TabM+TabPFNv2,2,0.625
LightGBM+TabPFNv2,2,TabM+TabPFN-2.5,2,0.5
LightGBM+TabPFNv2,2,TabPFNv2+TabPFN-2.5,2,0.583
LightGBM+TabPFNv2,2,LightGBM+CatBoost+TabM,3,0.655
LightGBM+TabPFNv2,2,LightGBM+CatBoost+TabPFNv2,3,0.84
LightGBM+TabPFNv2,2,LightGBM+CatBoost+TabPFN-2.5,3,0.76
LightGBM+TabPFNv2,2,LightGBM+TabM+TabPFNv2,3,0.75
LightGBM+TabPFNv2,2,LightGBM+TabM+TabPFN-2.5,3,0.692
LightGBM+TabPFNv2,2,LightGBM+TabPFNv2+TabPFN-2.5,3,0.875
LightGBM+TabPFNv2,2,CatBoost+TabM+TabPFNv2,3,0.633
LightGBM+TabPFNv2,2,CatBoost+TabM+TabPFN-2.5,3,0.643
LightGBM+TabPFNv2,2,CatBoost+TabPFNv2+TabPFN-2.5,3,0.792
LightGBM+TabPFNv2,2,TabM+TabPFNv2+TabPFN-2.5,3,0.692
LightGBM+TabPFNv2,2,LightGBM+CatBoost+TabM+TabPFNv2,4,0.826
LightGBM+TabPFNv2,2,LightGBM+CatBoost+TabM+TabPFN-2.5,4,0.783
LightGBM+TabPFNv2,2,LightGBM+CatBoost+TabPFNv2+TabPFN-2.5,4,0.864
LightGBM+TabPFNv2,2,LightGBM+TabM+TabPFNv2+TabPFN-2.5,4,0.818
LightGBM+TabPFNv2,2,CatBoost+TabM+TabPFNv2+TabPFN-2.5,4,0.783
LightGBM+TabPFNv2,2,LightGBM+CatBoost+TabM+TabPFNv2+TabPFN-2.5,5,0.76
LightGBM+TabPFN-2.5,2,CatBoost+TabM,2,0.478
LightGBM+TabPFN-2.5,2,CatBoost+TabPFNv2,2,0.7
LightGBM+TabPFN-2.5,2,CatBoost+TabPFN-2.5,2,0.933
LightGBM+TabPFN-2.5,2,TabM+TabPFNv2,2,0.524
LightGBM+TabPFN-2.5,2,TabM+TabPFN-2.5,2,0.733
LightGBM+TabPFN-2.5,2,TabPFNv2+TabPFN-2.5,2,0.824
LightGBM+TabPFN-2.5,2,LightGBM+CatBoost+TabM,3,0.519
LightGBM+TabPFN-2.5,2,LightGBM+CatBoost+TabPFNv2,3,0.56
LightGBM+TabPFN-2.5,2,LightGBM+CatBoost+TabPFN-2.5,3,0.609
LightGBM+TabPFN-2.5,2,LightGBM+TabM+TabPFNv2,3,0.5
LightGBM+TabPFN-2.5,2,LightGBM+TabM+TabPFN-2.5,3,0.609
LightGBM+TabPFN-2.5,2,LightGBM+TabPFNv2+TabPFN-2.5,3,0.583
LightGBM+TabPFN-2.5,2,CatBoost+TabM+TabPFNv2,3,0.5
LightGBM+TabPFN-2.5,2,CatBoost+TabM+TabPFN-2.5,3,0.56
LightGBM+TabPFN-2.5,2,CatBoost+TabPFNv2+TabPFN-2.5,3,0.636
LightGBM+TabPFN-2.5,2,TabM+TabPFNv2+TabPFN-2.5,3,0.609
LightGBM+TabPFN-2.5,2,LightGBM+CatBoost+TabM+TabPFNv2,4,0.667
LightGBM+TabPFN-2.5,2,LightGBM+CatBoost+TabM+TabPFN-2.5,4,0.7
LightGBM+TabPFN-2.5,2,LightGBM+CatBoost+TabPFNv2+TabPFN-2.5,4,0.7
LightGBM+TabPFN-2.5,2,LightGBM+TabM+TabPFNv2+TabPFN-2.5,4,0.737
LightGBM+TabPFN-2.5,2,CatBoost+TabM+TabPFNv2+TabPFN-2.5,4,0.7
LightGBM+TabPFN-2.5,2,LightGBM+CatBoost+TabM+TabPFNv2+TabPFN-2.5,5,0.609
CatBoost+TabM,2,CatBoost+TabPFNv2,2,0.6
CatBoost+TabM,2,CatBoost+TabPFN-2.5,2,0.458
CatBoost+TabM,2,TabM+TabPFNv2,2,0.652
CatBoost+TabM,2,TabM+TabPFN-2.5,2,0.524
CatBoost+TabM,2,TabPFNv2+TabPFN-2.5,2,0.423
CatBoost+TabM,2,LightGBM+CatBoost+TabM,3,0.741
CatBoost+TabM,2,LightGBM+CatBoost+TabPFNv2,3,0.607
CatBoost+TabM,2,LightGBM+CatBoost+TabPFN-2.5,3,0.654
CatBoost+TabM,2,LightGBM+TabM+TabPFNv2,3,0.548
CatBoost+TabM,2,LightGBM+TabM+TabPFN-2.5,3,0.654
CatBoost+TabM,2,LightGBM+TabPFNv2+TabPFN-2.5,3,0.517
CatBoost+TabM,2,CatBoost+TabM+TabPFNv2,3,0.714
CatBoost+TabM,2,CatBoost+TabM+TabPFN-2.5,3,0.8
CatBoost+TabM,2,CatBoost+TabPFNv2+TabPFN-2.5,3,0.556
CatBoost+TabM,2,TabM+TabPFNv2+TabPFN-2.5,3,0.536
CatBoost+TabM,2,LightGBM+CatBoost+TabM+TabPFNv2,4,0.708
CatBoost+TabM,2,LightGBM+CatBoost+TabM+TabPFN-2.5,4,0.739
CatBoost+TabM,2,LightGBM+CatBoost+TabPFNv2+TabPFN-2.5,4,0.6
CatBoost+TabM,2,LightGBM+TabM+TabPFNv2+TabPFN-2.5,4,0.625
CatBoost+TabM,2,CatBoost+TabM+TabPFNv2+TabPFN-2.5,4,0.6
CatBoost+TabM,2,LightGBM+CatBoost+TabM+TabPFNv2+TabPFN-2.5,5,0.654
CatBoost+TabPFNv2,2,CatBoost+TabPFN-2.5,2,0.75
CatBoost+TabPFNv2,2,TabM+TabPFNv2,2,0.652
CatBoost+TabPFNv2,2,TabM+TabPFN-2.5,2,0.524
CatBoost+TabPFNv2,2,TabPFNv2+TabPFN-2.5,2,0.682
CatBoost+TabPFNv2,2,LightGBM+CatBoost+TabM,3,0.679
CatBoost+TabPFNv2,2,LightGBM+CatBoost+TabPFNv2,3,0.8
CatBoost+TabPFNv2,2,LightGBM+CatBoost+TabPFN-2.5,3,0.87
CatBoost+TabPFNv2,2,LightGBM+TabM+TabPFNv2,3,0.655
CatBoost+TabPFNv2,2,LightGBM+TabM+TabPFN-2.5,3,0.72
CatBoost+TabPFNv2,2,LightGBM+TabPFNv2+TabPFN-2.5,3,0.833
CatBoost+TabPFNv2,2,CatBoost+TabM+TabPFNv2,3,0.714
CatBoost+TabPFNv2,2,CatBoost+TabM+TabPFN-2.5,3,0.731
CatBoost+TabPFNv2,2,CatBoost+TabPFNv2+TabPFN-2.5,3,0.909
CatBoost+TabPFNv2,2,TabM+TabPFNv2+TabPFN-2.5,3,0.792
CatBoost+TabPFNv2,2,LightGBM+CatBoost+TabM+TabPFNv2,4,0.864
CatBoost+TabPFNv2,2,LightGBM+CatBoost+TabM+TabPFN-2.5,4,0.818
CatBoost+TabPFNv2,2,LightGBM+CatBoost+TabPFNv2+TabPFN-2.5,4,1.0
CatBoost+TabPFNv2,2,LightGBM+TabM+TabPFNv2+TabPFN-2.5,4,0.857
CatBoost+TabPFNv2,2,CatBoost+TabM+TabPFNv2+TabPFN-2.5,4,0.905
CatBoost+TabPFNv2,2,LightGBM+CatBoost+TabM+TabPFNv2+TabPFN-2.5,5,0.87
CatBoost+TabPFN-2.5,2,TabM+TabPFNv2,2,0.5
CatBoost+TabPFN-2.5,2,TabM+TabPFN-2.5,2,0.688
CatBoost+TabPFN-2.5,2,TabPFNv2+TabPFN-2.5,2,0.882
CatBoost+TabPFN-2.5,2,LightGBM+CatBoost+TabM,3,0.5
CatBoost+TabPFN-2.5,2,LightGBM+CatBoost+TabPFNv2,3,0.6
CatBoost+TabPFN-2.5,2,LightGBM+CatBoost+TabPFN-2.5,3,0.652
CatBoost+TabPFN-2.5,2,LightGBM+TabM+TabPFNv2,3,0.483
CatBoost+TabPFN-2.5,2,LightGBM+TabM+TabPFN-2.5,3,0.583
CatBoost+TabPFN-2.5,2,LightGBM+TabPFNv2+TabPFN-2.5,3,0.625
CatBoost+TabPFN-2.5,2,CatBoost+TabM+TabPFNv2,3,0.536
CatBoost+TabPFN-2.5,2,CatBoost+TabM+TabPFN-2.5,3,0.6
CatBoost+TabPFN-2.5,2,CatBoost+TabPFNv2+TabPFN-2.5,3,0.682
CatBoost+TabPFN-2.5,2,TabM+TabPFNv2+TabPFN-2.5,3,0.652
CatBoost+TabPFN-2.5,2,LightGBM+CatBoost+TabM+TabPFNv2,4,0.636
CatBoost+TabPFN-2.5,2,LightGBM+CatBoost+TabM+TabPFN-2.5,4,0.667
CatBoost+TabPFN-2.5,2,LightGBM+CatBoost+TabPFNv2+TabPFN-2.5,4,0.75
CatBoost+TabPFN-2.5,2,LightGBM+TabM+TabPFNv2+TabPFN-2.5,4,0.7
CatBoost+TabPFN-2.5,2,CatBoost+TabM+TabPFNv2+TabPFN-2.5,4,0.75
CatBoost+TabPFN-2.5,2,LightGBM+CatBoost+TabM+TabPFNv2+TabPFN-2.5,5,0.652
TabM+TabPFNv2,2,TabM+TabPFN-2.5,2,0.667
TabM+TabPFNv2,2,TabPFNv2+TabPFN-2.5,2,0.522
TabM+TabPFNv2,2,LightGBM+CatBoost+TabM,3,0.5
TabM+TabPFNv2,2,LightGBM+CatBoost+TabPFNv2,3,0.536
TabM+TabPFNv2,2,LightGBM+CatBoost+TabPFN-2.5,3,0.577
TabM+TabPFNv2,2,LightGBM+TabM+TabPFNv2,3,0.643
TabM+TabPFNv2,2,LightGBM+TabM+TabPFN-2.5,3,0.64
TabM+TabPFNv2,2,LightGBM+TabPFNv2+TabPFN-2.5,3,0.615
TabM+TabPFNv2,2,CatBoost+TabM+TabPFNv2,3,0.643
TabM+TabPFNv2,2,CatBoost+TabM+TabPFN-2.5,3,0.593
TabM+TabPFNv2,2,CatBoost+TabPFNv2+TabPFN-2.5,3,0.667
TabM+TabPFNv2,2,TabM+TabPFNv2+TabPFN-2.5,3,0.783
TabM+TabPFNv2,2,LightGBM+CatBoost+TabM+TabPFNv2,4,0.625
TabM+TabPFNv2,2,LightGBM+CatBoost+TabM+TabPFN-2.5,4,0.652
TabM+TabPFNv2,2,LightGBM+CatBoost+TabPFNv2+TabPFN-2.5,4,0.652
TabM+TabPFNv2,2,LightGBM+TabM+TabPFNv2+TabPFN-2.5,4,0.762
TabM+TabPFNv2,2,CatBoost+TabM+TabPFNv2+TabPFN-2.5,4,0.727
TabM+TabPFNv2,2,LightGBM+CatBoost+TabM+TabPFNv2+TabPFN-2.5,5,0.64
TabM+TabPFN-2.5,2,TabPFNv2+TabPFN-2.5,2,0.706
TabM+TabPFN-2.5,2,LightGBM+CatBoost+TabM,3,0.393
TabM+TabPFN-2.5,2,LightGBM+CatBoost+TabPFNv2,3,0.423
TabM+TabPFN-2.5,2,LightGBM+CatBoost+TabPFN-2.5,3,0.458
TabM+TabPFN-2.5,2,LightGBM+TabM+TabPFNv2,3,0.429
TabM+TabPFN-2.5,2,LightGBM+TabM+TabPFN-2.5,3,0.522
TabM+TabPFN-2.5,2,LightGBM+TabPFNv2+TabPFN-2.5,3,0.5
TabM+TabPFN-2.5,2,CatBoost+TabM+TabPFNv2,3,0.429
TabM+TabPFN-2.5,2,CatBoost+TabM+TabPFN-2.5,3,0.48
TabM+TabPFN-2.5,2,CatBoost+TabPFNv2+TabPFN-2.5,3,0.545
TabM+TabPFN-2.5,2,TabM+TabPFNv2+TabPFN-2.5,3,0.522
TabM+TabPFN-2.5,2,LightGBM+CatBoost+TabM+TabPFNv2,4,0.5
TabM+TabPFN-2.5,2,LightGBM+CatBoost+TabM+TabPFN-2.5,4,0.524
TabM+TabPFN-2.5,2,LightGBM+CatBoost+TabPFNv2+TabPFN-2.5,4,0.524
TabM+TabPFN-2.5,2,LightGBM+TabM+TabPFNv2+TabPFN-2.5,4,0.632
TabM+TabPFN-2.5,2,CatBoost+TabM+TabPFNv2+TabPFN-2.5,4,0.6
TabM+TabPFN-2.5,2,LightGBM+CatBoost+TabM+TabPFNv2+TabPFN-2.5,5,0.522
TabPFNv2+TabPFN-2.5,2,LightGBM+CatBoost+TabM,3,0.467
TabPFNv2+TabPFN-2.5,2,LightGBM+CatBoost+TabPFNv2,3,0.556
TabPFNv2+TabPFN-2.5,2,LightGBM+CatBoost+TabPFN-2.5,3,0.6
TabPFNv2+TabPFN-2.5,2,LightGBM+TabM+TabPFNv2,3,0.5
TabPFNv2+TabPFN-2.5,2,LightGBM+TabM+TabPFN-2.5,3,0.6
TabPFNv2+TabPFN-2.5,2,LightGBM+TabPFNv2+TabPFN-2.5,3,0.708
TabPFNv2+TabPFN-2.5,2,CatBoost+TabM+TabPFNv2,3,0.552
TabPFNv2+TabPFN-2.5,2,CatBoost+TabM+TabPFN-2.5,3,0.615
TabPFNv2+TabPFN-2.5,2,CatBoost+TabPFNv2+TabPFN-2.5,3,0.773
TabPFNv2+TabPFN-2.5,2,TabM+TabPFNv2+TabPFN-2.5,3,0.739
TabPFNv2+TabPFN-2.5,2,LightGBM+CatBoost+TabM+TabPFNv2,4,0.583
TabPFNv2+TabPFN-2.5,2,LightGBM+CatBoost+TabM+TabPFN-2.5,4,0.609
TabPFNv2+TabPFN-2.5,2,LightGBM+CatBoost+TabPFNv2+TabPFN-2.5,4,0.682
TabPFNv2+TabPFN-2.5,2,LightGBM+TabM+TabPFNv2+TabPFN-2.5,4,0.714
TabPFNv2+TabPFN-2.5,2,CatBoost+TabM+TabPFNv2+TabPFN-2.5,4,0.762
TabPFNv2+TabPFN-2.5,2,LightGBM+CatBoost+TabM+TabPFNv2+TabPFN-2.5,5,0.667
LightGBM+CatBoost+TabM,3,LightGBM+CatBoost+TabPFNv2,3,0.733
LightGBM+CatBoost+TabM,3,LightGBM+CatBoost+TabPFN-2.5,3,0.786
LightGBM+CatBoost+TabM,3,LightGBM+TabM+TabPFNv2,3,0.719
LightGBM+CatBoost+TabM,3,LightGBM+TabM+TabPFN-2.5,3,0.786
LightGBM+CatBoost+TabM,3,LightGBM+TabPFNv2+TabPFN-2.5,3,0.594
LightGBM+CatBoost+TabM,3,CatBoost+TabM+TabPFNv2,3,0.774
LightGBM+CatBoost+TabM,3,CatBoost+TabM+TabPFN-2.5,3,0.793
LightGBM+CatBoost+TabM,3,CatBoost+TabPFNv2+TabPFN-2.5,3,0.633
LightGBM+CatBoost+TabM,3,TabM+TabPFNv2+TabPFN-2.5,3,0.562
LightGBM+CatBoost+TabM,3,LightGBM+CatBoost+TabM+TabPFNv2,4,0.778
LightGBM+CatBoost+TabM,3,LightGBM+CatBoost+TabM+TabPFN-2.5,4,0.741
LightGBM+CatBoost+TabM,3,LightGBM+CatBoost+TabPFNv2+TabPFN-2.5,4,0.679
LightGBM+CatBoost+TabM,3,LightGBM+TabM+TabPFNv2+TabPFN-2.5,4,0.643
LightGBM+CatBoost+TabM,3,CatBoost+TabM+TabPFNv2+TabPFN-2.5,4,0.621
LightGBM+CatBoost+TabM,3,LightGBM+CatBoost+TabM+TabPFNv2+TabPFN-2.5,5,0.724
LightGBM+CatBoost+TabPFNv2,3,LightGBM+CatBoost+TabPFN-2.5,3,0.92
LightGBM+CatBoost+TabPFNv2,3,LightGBM+TabM+TabPFNv2,3,0.767
LightGBM+CatBoost+TabPFNv2,3,LightGBM+TabM+TabPFN-2.5,3,0.714
LightGBM+CatBoost+TabPFNv2,3,LightGBM+TabPFNv2+TabPFN-2.5,3,0.815
LightGBM+CatBoost+TabPFNv2,3,CatBoost+TabM+TabPFNv2,3,0.71
LightGBM+CatBoost+TabPFNv2,3,CatBoost+TabM+TabPFN-2.5,3,0.724
LightGBM+CatBoost+TabPFNv2,3,CatBoost+TabPFNv2+TabPFN-2.5,3,0.741
LightGBM+CatBoost+TabPFNv2,3,TabM+TabPFNv2+TabPFN-2.5,3,0.655
LightGBM+CatBoost+TabPFNv2,3,LightGBM+CatBoost+TabM+TabPFNv2,4,0.84
LightGBM+CatBoost+TabPFNv2,3,LightGBM+CatBoost+TabM+TabPFN-2.5,4,0.8
LightGBM+CatBoost+TabPFNv2,3,LightGBM+CatBoost+TabPFNv2+TabPFN-2.5,4,0.8
LightGBM+CatBoost+TabPFNv2,3,LightGBM+TabM+TabPFNv2+TabPFN-2.5,4,0.692
LightGBM+CatBoost+TabPFNv2,3,CatBoost+TabM+TabPFNv2+TabPFN-2.5,4,0.731
LightGBM+CatBoost+TabPFNv2,3,LightGBM+CatBoost+TabM+TabPFNv2+TabPFN-2.5,5,0.846
LightGBM+CatBoost+TabPFN-2.5,3,LightGBM+TabM+TabPFNv2,3,0.7
LightGBM+CatBoost+TabPFN-2.5,3,LightGBM+TabM+TabPFN-2.5,3,0.769
LightGBM+CatBoost+TabPFN-2.5,3,LightGBM+TabPFNv2+TabPFN-2.5,3,0.741
LightGBM+CatBoost+TabPFN-2.5,3,CatBoost+TabM+TabPFNv2,3,0.759
LightGBM+CatBoost+TabPFN-2.5,3,CatBoost+TabM+TabPFN-2.5,3,0.778
LightGBM+CatBoost+TabPFN-2.5,3,CatBoost+TabPFNv2+TabPFN-2.5,3,0.8
LightGBM+CatBoost+TabPFN-2.5,3,TabM+TabPFNv2+TabPFN-2.5,3,0.704
LightGBM+CatBoost+TabPFN-2.5,3,LightGBM+CatBoost+TabM+TabPFNv2,4,0.913
LightGBM+CatBoost+TabPFN-2.5,3,LightGBM+CatBoost+TabM+TabPFN-2.5,4,0.87
LightGBM+CatBoost+TabPFN-2.5,3,LightGBM+CatBoost+TabPFNv2+TabPFN-2.5,4,0.87
LightGBM+CatBoost+TabPFN-2.5,3,LightGBM+TabM+TabPFNv2+TabPFN-2.5,4,0.75
LightGBM+CatBoost+TabPFN-2.5,3,CatBoost+TabM+TabPFNv2+TabPFN-2.5,4,0.792
LightGBM+CatBoost+TabPFN-2.5,3,LightGBM+CatBoost+TabM+TabPFNv2+TabPFN-2.5,5,0.917
LightGBM+TabM+TabPFNv2,3,LightGBM+TabM+TabPFN-2.5,3,0.821
LightGBM+TabM+TabPFNv2,3,LightGBM+TabPFNv2+TabPFN-2.5,3,0.733
LightGBM+TabM+TabPFNv2,3,CatBoost+TabM+TabPFNv2,3,0.75
LightGBM+TabM+TabPFNv2,3,CatBoost+TabM+TabPFN-2.5,3,0.656
LightGBM+TabM+TabPFNv2,3,CatBoost+TabPFNv2+TabPFN-2.5,3,0.667
LightGBM+TabM+TabPFNv2,3,TabM+TabPFNv2+TabPFN-2.5,3,0.7
LightGBM+TabM+TabPFNv2,3,LightGBM+CatBoost+TabM+TabPFNv2,4,0.75
LightGBM+TabM+TabPFNv2,3,LightGBM+CatBoost+TabM+TabPFN-2.5,4,0.714
LightGBM+TabM+TabPFNv2,3,LightGBM+CatBoost+TabPFNv2+TabPFN-2.5,4,0.655
LightGBM+TabM+TabPFNv2,3,LightGBM+TabM+TabPFNv2+TabPFN-2.5,4,0.679
LightGBM+TabM+TabPFNv2,3,CatBoost+TabM+TabPFNv2+TabPFN-2.5,4,0.655
LightGBM+TabM+TabPFNv2,3,LightGBM+CatBoost+TabM+TabPFNv2+TabPFN-2.5,5,0.759
LightGBM+TabM+TabPFN-2.5,3,LightGBM+TabPFNv2+TabPFN-2.5,3,0.679
LightGBM+TabM+TabPFN-2.5,3,CatBoost+TabM+TabPFNv2,3,0.7
LightGBM+TabM+TabPFN-2.5,3,CatBoost+TabM+TabPFN-2.5,3,0.778
LightGBM+TabM+TabPFN-2.5,3,CatBoost+TabPFNv2+TabPFN-2.5,3,0.731
LightGBM+TabM+TabPFN-2.5,3,TabM+TabPFNv2+TabPFN-2.5,3,0.704
LightGBM+TabM+TabPFN-2.5,3,LightGBM+CatBoost+TabM+TabPFNv2,4,0.833
LightGBM+TabM+TabPFN-2.5,3,LightGBM+CatBoost+TabM+TabPFN-2.5,4,0.87
LightGBM+TabM+TabPFN-2.5,3,LightGBM+CatBoost+TabPFNv2+TabPFN-2.5,4,0.72
LightGBM+TabM+TabPFN-2.5,3,LightGBM+TabM+TabPFNv2+TabPFN-2.5,4,0.826
LightGBM+TabM+TabPFN-2.5,3,CatBoost+TabM+TabPFNv2+TabPFN-2.5,4,0.792
LightGBM+TabM+TabPFN-2.5,3,LightGBM+CatBoost+TabM+TabPFNv2+TabPFN-2.5,5,0.84
LightGBM+TabPFNv2+TabPFN-2.5,3,CatBoost+TabM+TabPFNv2,3,0.677
LightGBM+TabPFNv2+TabPFN-2.5,3,CatBoost+TabM+TabPFN-2.5,3,0.69
LightGBM+TabPFNv2+TabPFN-2.5,3,CatBoost+TabPFNv2+TabPFN-2.5,3,0.917
LightGBM+TabPFNv2+TabPFN-2.5,3,TabM+TabPFNv2+TabPFN-2.5,3,0.808
LightGBM+TabPFNv2+TabPFN-2.5,3,LightGBM+CatBoost+TabM+TabPFNv2,4,0.731
LightGBM+TabPFNv2+TabPFN-2.5,3,LightGBM+CatBoost+TabM+TabPFN-2.5,4,0.692
LightGBM+TabPFNv2+TabPFN-2.5,3,LightGBM+CatBoost+TabPFNv2+TabPFN-2.5,4,0.833
LightGBM+TabPFNv2+TabPFN-2.5,3,LightGBM+TabM+TabPFNv2+TabPFN-2.5,4,0.792
LightGBM+TabPFNv2+TabPFN-2.5,3,CatBoost+TabM+TabPFNv2+TabPFN-2.5,4,0.833
LightGBM+TabPFNv2+TabPFN-2.5,3,LightGBM+CatBoost+TabM+TabPFNv2+TabPFN-2.5,5,0.808
CatBoost+TabM+TabPFNv2,3,CatBoost+TabM+TabPFN-2.5,3,0.893
CatBoost+TabM+TabPFNv2,3,CatBoost+TabPFNv2+TabPFN-2.5,3,0.724
CatBoost+TabM+TabPFNv2,3,TabM+TabPFNv2+TabPFN-2.5,3,0.759
CatBoost+TabM+TabPFNv2,3,LightGBM+CatBoost+TabM+TabPFNv2,4,0.75
CatBoost+TabM+TabPFNv2,3,LightGBM+CatBoost+TabM+TabPFN-2.5,4,0.714
CatBoost+TabM+TabPFNv2,3,LightGBM+CatBoost+TabPFNv2+TabPFN-2.5,4,0.714
CatBoost+TabM+TabPFNv2,3,LightGBM+TabM+TabPFNv2+TabPFN-2.5,4,0.679
CatBoost+TabM+TabPFNv2,3,CatBoost+TabM+TabPFNv2+TabPFN-2.5,4,0.714
CatBoost+TabM+TabPFNv2,3,LightGBM+CatBoost+TabM+TabPFNv2+TabPFN-2.5,5,0.821
CatBoost+TabM+TabPFN-2.5,3,CatBoost+TabPFNv2+TabPFN-2.5,3,0.741
CatBoost+TabM+TabPFN-2.5,3,TabM+TabPFNv2+TabPFN-2.5,3,0.714
CatBoost+TabM+TabPFN-2.5,3,LightGBM+CatBoost+TabM+TabPFNv2,4,0.769
CatBoost+TabM+TabPFN-2.5,3,LightGBM+CatBoost+TabM+TabPFN-2.5,4,0.8
CatBoost+TabM+TabPFN-2.5,3,LightGBM+CatBoost+TabPFNv2+TabPFN-2.5,4,0.731
CatBoost+TabM+TabPFN-2.5,3,LightGBM+TabM+TabPFNv2+TabPFN-2.5,4,0.76
CatBoost+TabM+TabPFN-2.5,3,CatBoost+TabM+TabPFNv2+TabPFN-2.5,4,0.8
CatBoost+TabM+TabPFN-2.5,3,LightGBM+CatBoost+TabM+TabPFNv2+TabPFN-2.5,5,0.846
CatBoost+TabPFNv2+TabPFN-2.5,3,TabM+TabPFNv2+TabPFN-2.5,3,0.875
CatBoost+TabPFNv2+TabPFN-2.5,3,LightGBM+CatBoost+TabM+TabPFNv2,4,0.792
CatBoost+TabPFNv2+TabPFN-2.5,3,LightGBM+CatBoost+TabM+TabPFN-2.5,4,0.75
CatBoost+TabPFNv2+TabPFN-2.5,3,LightGBM+CatBoost+TabPFNv2+TabPFN-2.5,4,0.909
CatBoost+TabPFNv2+TabPFN-2.5,3,LightGBM+TabM+TabPFNv2+TabPFN-2.5,4,0.864
CatBoost+TabPFNv2+TabPFN-2.5,3,CatBoost+TabM+TabPFNv2+TabPFN-2.5,4,0.909
CatBoost+TabPFNv2+TabPFN-2.5,3,LightGBM+CatBoost+TabM+TabPFNv2+TabPFN-2.5,5,0.875
TabM+TabPFNv2+TabPFN-2.5,3,LightGBM+CatBoost+TabM+TabPFNv2,4,0.692
TabM+TabPFNv2+TabPFN-2.5,3,LightGBM+CatBoost+TabM+TabPFN-2.5,4,0.72
TabM+TabPFNv2+TabPFN-2.5,3,LightGBM+CatBoost+TabPFNv2+TabPFN-2.5,4,0.792
TabM+TabPFNv2+TabPFN-2.5,3,LightGBM+TabM+TabPFNv2+TabPFN-2.5,4,0.826
TabM+TabPFNv2+TabPFN-2.5,3,CatBoost+TabM+TabPFNv2+TabPFN-2.5,4,0.87
TabM+TabPFNv2+TabPFN-2.5,3,LightGBM+CatBoost+TabM+TabPFNv2+TabPFN-2.5,5,0.769
LightGBM+CatBoost+TabM+TabPFNv2,4,LightGBM+CatBoost+TabM+TabPFN-2.5,4,0.952
LightGBM+CatBoost+TabM+TabPFNv2,4,LightGBM+CatBoost+TabPFNv2+TabPFN-2.5,4,0.864
LightGBM+CatBoost+TabM+TabPFNv2,4,LightGBM+TabM+TabPFNv2+TabPFN-2.5,4,0.818
LightGBM+CatBoost+TabM+TabPFNv2,4,CatBoost+TabM+TabPFNv2+TabPFN-2.5,4,0.783
LightGBM+CatBoost+TabM+TabPFNv2,4,LightGBM+CatBoost+TabM+TabPFNv2+TabPFN-2.5,5,0.913
LightGBM+CatBoost+TabM+TabPFN-2.5,4,LightGBM+CatBoost+TabPFNv2+TabPFN-2.5,4,0.818
LightGBM+CatBoost+TabM+TabPFN-2.5,4,LightGBM+TabM+TabPFNv2+TabPFN-2.5,4,0.857
LightGBM+CatBoost+TabM+TabPFN-2.5,4,CatBoost+TabM+TabPFNv2+TabPFN-2.5,4,0.818
LightGBM+CatBoost+TabM+TabPFN-2.5,4,LightGBM+CatBoost+TabM+TabPFNv2+TabPFN-2.5,5,0.87
LightGBM+CatBoost+TabPFNv2+TabPFN-2.5,4,LightGBM+TabM+TabPFNv2+TabPFN-2.5,4,0.857
LightGBM+CatBoost+TabPFNv2+TabPFN-2.5,4,CatBoost+TabM+TabPFNv2+TabPFN-2.5,4,0.905
LightGBM+CatBoost+TabPFNv2+TabPFN-2.5,4,LightGBM+CatBoost+TabM+TabPFNv2+TabPFN-2.5,5,0.87
LightGBM+TabM+TabPFNv2+TabPFN-2.5,4,CatBoost+TabM+TabPFNv2+TabPFN-2.5,4,0.95
LightGBM+TabM+TabPFNv2+TabPFN-2.5,4,LightGBM+CatBoost+TabM+TabPFNv2+TabPFN-2.5,5,0.826
CatBoost+TabM+TabPFNv2+TabPFN-2.5,4,LightGBM+CatBoost+TabM+TabPFNv2+TabPFN-2.5,5,0.87
